/*
Navicat MySQL Data Transfer

Source Server         : localhost
Source Server Version : 50561
Source Host           : localhost:3306
Source Database       : activitileavedb

Target Server Type    : MYSQL
Target Server Version : 50561
File Encoding         : 65001

Date: 2019-12-08 14:58:55
*/

SET FOREIGN_KEY_CHECKS=0;

-- ----------------------------
-- Table structure for act_ge_bytearray
-- ----------------------------
DROP TABLE IF EXISTS `act_ge_bytearray`;
CREATE TABLE `act_ge_bytearray` (
  `ID_` varchar(64) COLLATE utf8_bin NOT NULL DEFAULT '',
  `REV_` int(11) DEFAULT NULL,
  `NAME_` varchar(255) COLLATE utf8_bin DEFAULT NULL,
  `DEPLOYMENT_ID_` varchar(64) COLLATE utf8_bin DEFAULT NULL,
  `BYTES_` longblob,
  `GENERATED_` tinyint(4) DEFAULT NULL,
  PRIMARY KEY (`ID_`),
  KEY `ACT_FK_BYTEARR_DEPL` (`DEPLOYMENT_ID_`),
  CONSTRAINT `ACT_FK_BYTEARR_DEPL` FOREIGN KEY (`DEPLOYMENT_ID_`) REFERENCES `act_re_deployment` (`ID_`)
) ENGINE=InnoDB DEFAULT CHARSET=utf8 COLLATE=utf8_bin;

-- ----------------------------
-- Records of act_ge_bytearray
-- ----------------------------
INSERT INTO `act_ge_bytearray` VALUES ('1602', '1', 'baoxiaoProcess.png', '1601', 0x89504E470D0A1A0A0000000D4948445200000446000002510802000000C7D9255B000046AA49444154789CEDDD7D6C24777D3F700B08319408D307622A9A6CA92A2C2839AB20C54255E35035E74A6DD9AA88B8FC915A420D46B434AA506B5A81AB96F454B5F4E843746D29B55AE55757E8C0124F2E10EA4292BA79B8388480C9039826014312D83477C9E6CE7737BFB9DD64B3D9D95DCFEECEEEECECBC5EFACAB2776766677666BFDFCFDB33BB3B1600000064D658DA2B000000D03D91060000C83091060000C83091060000C83091060000C83091060000C83091060000C83091060000C83091060000C83091060000C83091060000C83091060000C83091060000C83091060000C83091060000C83091060000C83091060000C83091060000C83091060000C83091060000C83091060000C83091060000C83091060000C83091060000C83091060000C83091060000C83091060000C83091060000C83091060000C83091060000C83091060000C83091060000C83091060000C83091060000C83091060000C83091060000C83091060000C83091060000C83091060000C8309106E852B95C5E5B5B5B5E5E2E168BB3CF989B9B0B6F595D5D2D954A69AF2000900B220DD0B130C984D1657C7C3C0C336180397AF4639FBFE10BD5F6C94F7DFA7DEF7BFFFCFCFCC4C4C4CCCCCCCACA4ADA2B0B008C389106E8C0D6D6D6ECEC6C9864C2E8726AEF74FB76E34D375F75D56F4E4F4F6F6C6CA4BDE200C0C8126980B80E1D3A14E693CFDFF0857DC34C7DBBEDF663975D76D9E2E262B95C4E7B0B00801124D200FB0BD3C8FCFCFCD2D2524761A6BEFDDD75D7CDCECEEEEEEEA6BD2900C0A81169807D8479666666667575B5EB3C53BB0E2D5CCECECE4EDA1B04008C149106D8C7FCFC7CEF79A676115A986A5C8106002448A401DA3974E8502FD79B45DBD1A31F2B168B696F1600303A441AA0A5ADADADE9E9E904F34CB55D7DF53B8E1C3992F6C601002342A4015A0AF3CC6DB71F4B3CD23CF0E043175F5C70F9190090089106686E6D6DAD582C269E67AAEDDDEFFEDDC3870FA7BD8900C028106980E66667673BFD0A9A8E4ED44C4E4EA6BD8900C028106980264AA5D2C4C4449FF24CB55D7AE9A59B9B9B696F28009079220DD0C4CACACAC2C2425F23CD07AEBD76696929ED0D0500324FA4019A585C5C3C72E4485F23CDE76FF8C2ECEC6CDA1B0A00649E480334313737F7C94F7DBAAF91E6BEFBEFBFF8E242DA1B0A00649E480334D1A78F6FAE6F8F1F3F313E3E9EF68602009927D2004D4C4E4E3EF0E0437D8D34611B1BD3050100BD524F004D4C4D4D7DE5EEBB451A0060F8A9278026FAFAA534DE4B03002448A4019A585858F8A78F7CA4AF91E6C69B6EBEF4D24BD3DE500020F3441AA089C3870FBFFBDDBFDBD7481346A6ABAEFACDB4371400C83C910668626767A75028F435D21C3C78707D7D3DED0D0500324FA4019AEBEB27043C7EFCC4C4C444B95C4E7B2B0180CC136980E6FA7AEDD95F7EF083E1C2D3DE4400601488344073E572B95028F4E3DB691E3F7EE2E28B0BBBBBBB696F2200300A441AA0A5D5D5D5B75E79A5533400C030136980767EF5CD6F3E7AF46309E699AFDC7DF78103071E3F7E22ED2D030046844803B4532A952EBDF4D2A43E27E0E1471E0DF3CC7DF7DF9FF6660100A343A401F6B1BDBD1DA69A3087F49E677EF5CD6FFEE4A73E9DF60601002345A401F6B7B5B575E0C0811B6FBAB997EBCDC25C24CF000089136980584AA5D265975DF6BEF7BDFFE1471EED28CC3C7EFCC45F7EF083D5ABD7D2DE080060048934405CE572398C34AF7EF5541851C2A01227CFFCD3473E124EFFEE77FF6E1884D25E7D00603489344067767777AFB9E69A8989895F7DF39BC3C472DBEDC71A624C78CBF5D7FFBFB75E796538CD5557FDE6CECE4EDAAB0C008C329106E846B95C5E5B5B5B58583870E0C0D87385B78479667575B5542AA5BD9A00C0E81369806484F126ED550000F248A401923136A63F010052A004019221D20000A9508200C9106900805428418064883400402A94204032441A0020154A102019220D00900A2508900C910600488512044886480300A44209022443A4010052A104019221D20000A9508200C9106900805428418064883400402A94204032441A0020154A102019220D00900A2508900C910600488512044886480300A44209022443A4010052A104019221D20000A9508200C9106900805428418064883400402A94204032441A0020154A102019220D00900A2508900C910600488512044886480300A44209022443A4010052A104019221D20000A9508200C9106900805428418064883400402A94204032441A0020154A102019220D00900A2508900C910600488512044886480300A44209022443A4010052A104019221D20000A9508200C9106900805428418064883400402A94204032441A0020154A102019220D00900A2508900C910600488512044886480300A44209022443A4010052A104019221D20000A9508200C9106900805428418064883400402A94204032441A0020154A102019220D00900A2508900C910600488512044886480300A44209022443A4010052A104019221D20000A9508200C9106900805428418064883400402A94204032441A0020154A102019220D00900A2508900C91060048851204E8DEEAEA6A9864C6C7C7A7A7A7C35F262727C39F2F7EF18BB7B7B7D35E3500202F441AA07B1FFFF8C7C7222EBFFCF2B5B5B5B4570D00C80B9106E85EB95C3EFFFCF3EBF3CC25975C323939592A95D25E3500202F441AA027EF7DEF7B5FF08217D422CD3BDFF9CEA5A5A5B4570A00C8119106E8D585175E58CD33575E7965A1502897CB69AF11009023220DD0AB2F7EF18BE79D775E1869E6E6E6BC8B06001830910648C09BDEF4A66AA4497B450080DC11698004ECEEEE8691C6673703008327D200C9F0559B00402A9420906DE572797575757E7E7E7676B6502844BF252627C26D0F9F8162B1B8B2B2E223A4012057441AC8B0F5F5F5B0940FF3CCF5D75FFFF91B6EB8EFFEFB4FEDEDE5B385DB1E3E03478F1EBDEAAAABC2E7240C3669EF1C006040441AC8A452A9B4B0B070F0E0C1071E7CE0D4DE29ADBE3DFCC8C361B0099F9CDDDDDDB4771400D077220D644F9867A6A7A7FFE9231F3EB577526BD53EF9A94F5E7AE9A53B3B3B69EF2E00A0BF441AC89E8585854A9E794A6BDF3E7FC3E72EBBECE7D3DE5D00407F89349031EBEBEB070F5EB177BAACC569BFFF07EFB9F6DA3F4D7BA701007D24D2409694CBE542A1F0E0433B7BA79FD4E2B4E3277E70E0C025BE3007004698480359B2B2B2B2B0B0B077FA895ABB7CEE97637ECC71FD5CB96AD75EFB274B4B4B69EF3A00A05F441AC89262B178F463FFFE6C9EB9E2E07782E05B67827BF782AF9E0CEE3C19DC76FCF4E18F7DE1B30F3D76CBA9E07FCAC12DE5E0C62782CF3D15FCF58D775DBDF88ED4D3452AEDF6639BD3D3D369EF3A00A05F441AC892A9A9A9BBEFBE63EFF4896A1B1B1B3B1E0427CE068F9D0EBE7F2A7822087EEF0FDF3FF6BC97CC5C517C682F78E064F0C053C14E39B8EF74F0D1FFBEB372A2E6440EDBF1138F8E8F8FA7BDEB00807E1169204B2626261E79F4A1BDD3C7AB2D4C294F9C094E9E3977D7E9B3E77E7EE2D3FFF1E33FF5337FF481BF3C1D048F9F0E1EDB0BBEBF179482E073B77EB912698EE7B385DB9EEE8E0300FAC7300F595289258FD75AF8E789D3C1A34F06A7CE3C3D41A954FAABBFFDFB3FFD8BBF7DE0DBE7BE6572EF6C70AA12756EBEFDCE867973D5441A0018618679C8924A2CF9BF5A3B1769CE040F3F117CF778B01704A74E9E9C7AF5ABC7C69E3F3636FE96DFB8AA7EC6DB8EDDD1306FAE9A48030023CC300F595289258FD55AF5C2B3479F0CBEFD78F0BDA782DBEEFEC685175EF8FC17BCF0452FFDD1F9B73D27D2DC7AFBB1867973D5441A0018618679C8924A2C29D55AF8E7936783EF97CF9DA579F8A9E0865BB75F77E0F53FFA632F7FE9C4CBFEFE5F3EFA54101C3F193C71F2DC8C376EDEDA306FAE9A48030023CC300F591296E6A74FFFA0D6AA957A986A1EDB0B7E702AF8F6E37B37DFB573E067DF70F92FFED2F74E06DF2D07DF2B078F9E0CC25073E32DB736CC9BAB26D200C00833CC439634C492D9CB2FFBF2D7EEBDEDAEEDCDADED9B8E6DDF74C73D377FF9FEFFBCE5ABFF7DD737BF78EC9E2F1DFBFA4D777C7DF3CE7BEEBAF77FAFFB878FBCF5CAB7A61E2D441A0020718679C8924AA4F97E7D7BD7BBDE3116C3AFBFE52D0D33E6AA89340030C20CF390259548F3A8D669136900608419E6214BCE459A338F689D369106004698611EB2A412691ED63A6D220D008C30C33C644925D27C4FEBB489340030C20CF390259548F35DADD326D200C00833CCC3D0595D5DDDD9D9697A5725D2ECA6D8BA5B81F67375BACCA6D3EFFB109D3ED50040568834305CEEB9E79EEAC72E5F70C105478F1E6DB8B75535DFCA80234DAB7BE3CF15672B1AA66FF54B9B48532A95DEF6B6B75517FE8A57BC42AA01804C136960B894CBE5E73DEF79D56AFBBCF3CE7BED6B5F5B5F7057EAF5EF34B4A63736BD3DCE37D8B45A5AFBC78A4E107FF9F5B7B4BFB761B1F51334FC195D48ED393C72E4C8F8F8787509E12F939393BBBBBB29EC69002021220D0C9DB0C8AE2FDC5FF4A217BDFDED6F0FA34E50893467CE7CBBA135BDB1CDED1D4DB36FFE89B3C0F68F527FEFBE0B6C3541FDCFA60F113E7BDBDBDBAF7AD5ABEA577E6666A65028A4BDC301809E8834704E1818363636969797679F1156BAFB56F3A93873E6A186D6D1C4D1793B9AA0FD9F7156ACCDBD0D0B6C754B171B12DE1BEED31E9E75FA287CADD55E77E16B707D7DBD542AA5DD25009025220D7917269962B1383E3E5E2DA7369E91E2FB2B5EFAD297D6AABD6245B86EDBDBDBC1D367691E4CB0EDBBC08609DAFFD9DDA3D4DFDB66F9D5DFEB4BE1863FEB6F8F3E44F8EC85FBF4177EE1177EE2277EA236E505175C303D3D9DD68EA62ADC2FB5D75DF81A9C9B9B9B9898088FF9B5B5B5B4570D806C1069C8AFDDDDDDEA3F8687AA722A954AD56A7B6A6AEAB77EEBB7C29FABABABB57B2BF5FA03F56DDF7F81374C1F9DBDA309DAFCD9F088F1D7AA6121EDD767DFE99B2E61ACEEBD34EBEBEB175F7CF12B5FF9CAEA9A9C7FFEF9D58BFA182AD5FF358481B31AE601A00D91869C0AEBDA302D846553DA2BD2E85BDFFAD6F8F8F8DCDC5CA150585A5A6AB802A752AFFF6F7D8BDE12FFDE9813EC174E3A5B60AB75A8FDECE82162AEC0D8733FF12CCC30CBCBCB175D74515831873FB7B6B606BB93892BDC35E13EAA4FF5001025D290476B6B6BB3B3B3437BBD7EB87A2B2B2B4DAF7C4B25D2C4FF339A37F6CD27B5C9A2F1A661814D1715FF21A24F66F80C87CFF3509DA3232ACC9FF3F3F3E19E4A7B4500185E220DB91316B2D3D3D3439B67DAABD4EBDFAA6F0DB7B4FF33DA3A9D60DFE5D7DFB2EFDA566F89CE127F21711EA27A63DABB8EEE85A966767676737333ED1501604819E6C99D999999ECD646E7EAF5B33BF5ADE196F67F465BA713ECBBFCFA5B9A9F4279EEBDD159EA7F69BA7A4DA76FBF45224DD6EDECEC4C4D4D79D713004D19E6C997B5B5B562B198F65A74AF52AF7FB3BE35DCD2FECF688B33417B6D16B8EFDAB699A5FA4B9CE9F75DA5EA6469EF3A7A75CD35D71C3E7C38EDB500601819E6C997B9B9B9F5F5F5B4D7A27B957AFD1BAD5AF5DE67CAFA96934567893F41FB3FEBD7A1B62691BCD1EE215AFDDEE621E26C91483302B6B7B7A7A6A6D25E0B008691619E1CD9DDDD9D9C9C4C7B2D7A52A9D7EF6FDA1AEE7A263F34DE1253CC47693A416D9AE8C44D67AFBFB161DE56D377F11069EF3A1290E9AB4601E81FC33C3992F5ABCE82A723CD7D0DED9912BFF1F6EA5D4D6FEFBAEDBBC0FA09A2BF37CC1EBDB1D52D5D3F44EDAEB4771D0970ED19004D19E6C99111A8872AF5FABDD5567746E5DE366DDF093A6A1D2DAD61E2A6F346A7894ED6E641E33C44F5F6B4771D091881FF4A00D00F8679726476767608BF5BB323C9E693FC34916634783B0D004D19E6C99111B8103F2CCDCF9EBD47EBB48934A3616767A75028A4BD16000C1DC33C39121643614994F65AF4A41269BEAE75DA449A9161570210656C20472626264AA552DA6BD1934AA4D9D63A6DEAE09161570210656C204746A018AA449AAF699DB611D8F554D9950044191BC891112886C6C7C79F7CF28EB367BFAA75D44660D75365570210656C204746A0182A140ADFFCE667CF9EBD5BEBA88DC0AEA7CAAE0420CAD8408E8C4031343737F799F5236783AF68F1DBD7B63FE1937F47C608BC8A01489CB1811C198162E8D0A1434B4B6F4F3D2464ABFDF3CA07161616D2DE752463045EC50024CED8408E8C4031B4B3B33335F5934F966F3B1BDCA5C56CC5E29BD6D6D6D2DE752463045EC50024CED8408E8C4631B47CCEE2D9E0CB5A9CF66FAB7F3E3F3F97F64E2331A3F12A062059C6067264348AA172B93C3BFB86CDCD7F0D823BB5F66D77F786A9A99F2C956E4C7BA79198D1781503902C6303393232C5D0F6F6F6F4F4ABB7B7D782604B6BD5C23C1366BF8D8D0FA7BDBB48D2C8BC8A014890B1811C19A562687373334C35870EFD4E10DCA145DBDADA07A7A60A1B1BFF98F68E2261A3F42A062029C6067264C48AA172B9BCB4B4303BFBFA95953FDEDDFD5C101CD34AA5FF5A5DFDB3F9F983C5E26CF87BDABB88E48DD8AB188044181BC891912C8636363616167E6572F247C6181B9B98B8607EFE8A30D5A4BD5BE897B1517C1503D023630339A218EA2BDFFDC20078150310656C204714437DE5E965001C660044191BC811C5505F797A190087190051C606724431D4579E5E06C061064094B1811C510CF595A7970170980110656C204714437DE5E965001C660044191BC811C5505F797A190087190051C606724431D4579E5E06C061064094B1811C510CF595A7970170980110656C204714437DE5E965001C660044191BC811C5505F797A190087190051C606724431D4579E5E06C061064094B1811C510CF595A7970170980110656C204714437DE5E965001C660044191BC811C5505F797A190087190051C606724431D4579E5E06C061064094B1811C510CF595A7970170980110656C204714437DE5E965001C660044191BC811C5505F797A190087190051C606724431D4579E5E06C061064094B1811C510CF595A7970170980110656C204714437DE5E965001C660044191BC811C5505F797A190087190051C606724431D4579E5E06C061064094B1811C510CF595A7970170980110656C204714437DE5E965001C660044191BC8912E8A21F5537C9E2B06C061064094B1811C692886C69EABE964D1FA696C3F7DDD846196E76D67601C660044191BC89136C55034EDB49ABE7D4595E77A2BCFDBCEC038CC0088323690234D4FB9EC7B57CCDBE3DC3BDAF2BCED0C8CC30C8028630339123FD2C4394BD3F47AB33CD75B79DE7606C661064094B1811C891969F67D2F4D9BC9F25C6FE579DB191887190051C60672244E3ED9B76012695AC9F3B633300E3300A28C0DE4C8BE1F5F167396E85D224D90EF6D67601C660044191BC89198EFEC77E15977F2BCED0C8CC30C802863033922D2F4559EB79D8171980110656C2047DA7C2E73C385673EF1AC0B79DE7606C661064094B1811C897E5273AB341227D2C479885CC9F3B633300E3300A28C0DE4489BABC8A2F7B639A5D3D143E4479EB79D8171980110656C2047E2A791F66769DA4B7CB5B322CFDBCEC038CC0088323690236D2E246B75BAA6FD899D980F911379DE7606C661064094B1811CD9F75AB2A6A759727EEE253ECF1203E0300320CAD8408E2886FACAD3CB0038CC0088323690238AA1BEF2F432000E3300A28C0DE48862A8AF3CBD0C80C30C8028630339A218EA2B4F2F03E0300320CAD8408E2886FACAD3CB0038CC0088323690238AA1BEF2F432000E3300A28C0DE48862A8AF3CBD0C80C30C8028630339A218EA2B4F2F03E0300320CAD8408E2886FACAD3CB0038CC0088323690238AA1BEF2F432000E3300A28C0DE48862A8AF3CBD0C80C30C8028630339A218EA2B4F2F03E0300320CAD8408E2886FACAD3CB0038CC0088323690238AA1BEF2F432000E3300A28C0DE488622871ABABABE1B33A3E3E3E3D3D1DFE32393919FE7CF18B5FBCBDBD9DF6AA319ABC8A0188323690238AA1C47DFCE31F1F8BB8FCF2CBD7D6D6D25E35469357310051C60672443194B872B97CFEF9E7D7E7994B2EB9647272B2542AA5BD6A8C26AF6200A28C0DE48862A81FDEFBDEF7BEE0052FA8459A77BEF39D4B4B4B69AF1423CBAB188028630339A218EA930B2FBCB09A67AEBCF2CA42A1502E97D35E23469657310051C606724431D4275FFCE217CF3BEFBCF0E99D9B9BF32E1AFACAAB188028630339A218EA9F37BDE94DD54893F68A30E2BC8A0188323690238AA1FED9DDDD0D9F5E9FDD4CBF79150310656C204714437DE5E965001C660044191BC891912C86CAE5F2EAEAEAFCFCFCECEC6CA150887E4B4C4E84DB1E3E03C562716565C547488FB0B1517C1503D023630339327AC5D0FAFA7A58CA8779E6FAEBAFFFFC0D37DC77FFFDA7F6F6F2D9C26D0F9F81A3478F5E75D555E17312069BB4770EE724FEA21BBD573100BD33369023A3540C954AA585858583070F3EF0E003A7F64E69F5EDE1471E0E834DF8E4ECEEEEA6BDA34659C389B2FADB9BFEDE74AEA87D1F34C14D006034181BC891912986C23C333D3DFD4F1FF9F0A9BD935AABF6C94F7DF2D24B2FDDD9D9497B77E542C38BABFA67D3575CFB97A1480340178C0DE4C8C814430B0B0B953CF394D6BE7DFE86CF5D76D9CFA7BDBB4659ED35D5F46C4CFB59BAB837CE0400E490B1811C198D62687D7DFDE0C12BF64E97B538EDF7FFE03DD75EFBA769EFB491D52AD2C4394BD3F47A339106802E181BC891112886CAE572A15078F0A19DBDD34F6A71DAF1133F3870E0125F98D3274DA3C8BEEFA5693399480340178C0DE4C80814432B2B2B0B0B0B7BA79FA8B5CBE77E79DFF75B57D5CF95AB76EDB57FB2B4B494F6AE1B4DD128123F9388340024C5D8408E8C4031542C168F7EECDF9FCD33571CFC4E107CEB4C70EF5EF0D593C19D2783DB8E9F3EFCB12F7CF6A1C76E3915FC4F39B8A51CDCF844F0B9A782BFBEF1AEAB17DF917ABA48A5DD7E6C737A7A3AED5D379AF6FDB03267690018006303393202C5D0D4D4D4DD77DFB177FA44B5855B743C084E9C0D1E3B1D7CFF54F04410FCDE1FBE7FEC792F99B9A2F8D05EF0C0C9E081A7829D7270DFE9E0A3FF7D67E544CD891CB6E3271E1D1F1F4F7BD78DBE7D2F428B3399480340178C0DE4C80814431313138F3CFAD0DEE9E3D5166ED11367829367CEDD75FAECB99F9FF8F47FFCF84FFDCC1F7DE02F4F07C1E3A783C7F682EFEF05A520F8DCAD5FAE449AE3F96C23B0EB879F4803405A8C0DE4C80814439558F278AD857F9E381D3CFA6470EACCD313944AA5BFFADBBFFFD3BFF8DB07BE7DEE5B26F7CE06A72A51E7E6DBEF6C9837576D0476FD308B5E7836E613CF001820630339323E3E5E2E97D35E8B9E5462C9FFD5DAB948732678F889E0BBC783BD203875F2E4D4AB5F3D36F6FCB1B1F1B7FCC655F533DE76EC8E867973D5D4C1FDD0268DC48934AD96B9EF8376BCA2008C3A630339522814B2FE5DF29558F258AD552F3C7BF4C9E0DB8F07DF7B2AB8EDEE6F5C78E185CF7FC10B5FF4D21F9D7FDB7322CDADB71F6B9837574D1DDC276DAE316BF59C8B340024CED8408E4C4F4F6F6D6DA5BD163DA9C49252AD857F3E7936F87EF9DC599A879F0A6EB875FB75075EFFA33FF6F2974EBCECEFFFE5A34F05C1F193C11327CFCD78E3E6AD0DF3E6AAA9830720FE599AF6E23F0A0054191BC891D9D9D98D8D8DB4D7A227613D77FAF40F6AAD5ADE85A9E6B1BDE007A7826F3FBE77F35D3B077EF60D97FFE22F7DEF64F0DD72F0BD72F0E8C9200C3537DE726BC3BCB96AEAE0FE89A697981F0FD06669BD4C00400E191BC891858585959595B4D7A2270DB164F6F2CBBEFCB57B6FBB6B7B736BFBA663DB37DD71CFCD5FBEFF3F6FF9EA7FDFF5CD2F1EBBE74BC7BE7ED31D5FDFBCF39EBBEEFDDFEBFEE1236FBDF2ADA9470B91662435BCE33F7A6F82CFBF5D094094B1811C09F34C986AD25E8B9E5422CDF7EBDBBBDEF58E7DAFE409FDFA5BDED23063AE9A3A7864D8950044191BC891EDEDEDA9A9A9B4D7A2279548F3A8D66953078F0CBB1280286303F992F54F08381769CE3CA275DAD4C123C3AE0420CAD840BE1C3E7CF89A6BAE497B2DBA5789340F6B9D3675F0C8B02B01883236902FE572B95028ECEEEEA6BD225DAA449AEF699D3675F0C8B02B01883236903B1B1B1BB3B3B369AF45972A91E6BB5AA74D1D3C32EC4A00A28C0DE4D1F2F272462F3FAB449ADD86D6F4C656ADA389BB9EA5BB16F3815A4DD6667675F0C8B02B0188323690534B4B4B737373A55229ED15E94CFC6ABEE1439C9B4EDCEA139FDB2C3CCEF46D5623CEF41D459A56BF8B34A3CAAE0420CAD8407EADAFAF170A85E5E5E50CBDB5A652B57FA7D65A6792EFD44F199DABFECF86D6F5C4ED5723FA4B9BF56FBAA8560F1A6755D5C123C3AE0420CAD840AE954AA530D284C1666E6E2EFC65636323ED35DA4758CF9D39F3ED38AD3665FD2C71666F98A6E972DA2FADE923C65C9FA6CB6CB54AFB3E56FD5D69EF3A9261570210656C80731F83B6BEBE1E469AD9D9D9F8E70DD272E6CC43F5ADE196DA9FD15FA213376DADA68F3E50ABA535CCD56A139ACEDE66039B2EA7E91A365D48DA4719C9B02B018832364096548AF5071B5AEDC6FA7BABBF374CDF74F6364B7B6E7ED8E7119B3E4A74CAE8A2F68B70B196DF6A936B77A5BDEB48865D094094B101B2A452AF3F506D31C2C0D393D5CF52FBBD558B4ED3704BFB3F5B3D62D3F5E962E1D1E5D736B67EABA3B3A4BDEB48865D094094B101B2A452B2FF6F9C569BB27E9638B3374CD3307BD325D43FD6733355E32DD12574F467FD8DF53FF7DD3A75F0C8B02B0188323640967411695AC59B8E66ECA8B58F3DD1DBF73BD7D47C968ED6B61F75709C65F6F2B86AF7A63C2D0044191B204B2A55FBB7EA5BB30CF0F4EDF5D3446F6CD5EA278E2EB945EA68BE847D6F8CDEDEFECFDA0A349DA0CDD6A515691A266BFAEC75BDFCA64B8BB3E44C1BD5ED02A017C606C8927355FBD99DFAD6704BEDCFFADB9BDED8AA359DB1FD64ED97D02402C558FF568B6AB386ED5729F11D11B42DAFDB678C38EBD3E93AEF37FD67AE6E589BAB3FD3ECCE377EE8BE56F3757257DF88340044191B204B2A55FB37EB5BC32DB53F9F0900CF99203A7BB4C599A6FD644DEF6A357DD3D2FFB9F9A7DDA29AFEDEF4594A762F34FDBDD5340DB7C45C998423CD7D1F7A63ABE0712E993C7357FDEF5DDFD54F220D0051C606C8924AB1FE8DFAD6704BEDCFEA2FADEE6DD39A3EC433E922D6A23A9ABEFD644DE7AABFB17E331BB6BD61960477C1BEB7B49FB85E470FD4E98A3DC7B9D4517F5EA6A631EBD44DD8DD5DFD25D20010656C802CA914EBF7D7B766A7359EBEBD61CA5637B69AA66181FB2EAAD3E9BB9EAC7E9AA69BDC74DD927AFE3BBDBD21BD343DC313DD896D74BA6E55E72248CB44F39C7B9EBDA1BBBBFA4CA40120CAD800595229D6EFAB6F0DB7D4FE8C4ED9EAC6867BEBA7892EBC95EEA6EFDF1A46674CE4C90F5ABF4926FA10632DD24BC3CFF60FD7EAAEF8AAB37CE6EAB137BEF18DB51B9F3DC112BD20AD76C2A5BBBBFA2C915D09C08831364096548AF57BE3B4A653EE3B7BFCE5F7A9F5690D7BAC83EBB341FD8D6D266B155D1289349D4F5F7923FF73DF08F3F45FD1B7C1D46EE9EEAE3E1369008832364096A41E3932DAFA5107C75C66C36431234D9CCCD3DDFA3CAD765245A40120FB8C0D9025613D77F6EC3D5AA72DA90BCFE25CE2D5304BD0D5599ABE479ADA7B5F5C780640F6191B204B2A91E6EB5AA72D95B334D12413C48B344D67EC7D7D9EA396497C3C0000D9676C802CA9449A6DADD396541DDC2A6CB47A5F4DF4344E3A91261A389E3DA9E2439C01C83C6303644925D27C4DEBB4255807379C6F89FE1E344B2CADAE3D6BB3FC36B7C49CB15E43E478F6E301025FB50940E6191B204BC6C7C79F7CF28EB367BFAA75D4FA1A693A3DD9D266C6F839A78B692A9F7AF6B486132A95B338558DC9A4BBBBFA47A40120CAD80059522814BEF9CDCF9E3D7BB7D651EBB10E6EF981002DAE2E6B3A57EDC6862537FDBDE93AB4BF2B27B57E4E3613808E181B204BE6E6E63EB37EE46CF0152D7EFBDAF627A6A6A606BFB3E25C6C56BB3DE679985E4EE38C86FC6C2900F1191B204B0E1D3AB4B4F4F6D44342B6DA3FAF7C60616121ED5D4732441A00A28C0D90253B3B3B53533FF964F9B6B3C15D5ACC562CBE696D6D2DED5D4732441A00A28C0D9031CBE72C9E0DBEACC569FFB6FAE7F3F37369EF341223D20010656C808C2997CBB3B36FD8DCFCD720B8536BDF76776F989AFAC952E9C6B4771A8911690088323640F66C6F6F4F4FBF7A7B7B2D08B6B4562DCC3361F6DBD8F870DABB8B2489340044191B2093363737C35473E8D0EF04C11D5AB4ADAD7D706AAAB0B1F18F69EF281226D20010656C80AC2A97CB4B4B0BB3B3AF5F59F9E3DDDDCF05C131AD54FAAFD5D53F9B9F3F582CCE86BFA7BD8B489E48034094B101B26D63636361E15726277FA4A3AF831C55131317CCCF5F11A69AB4770BFD3226D20010616C8091B2BDBD9DD6430FDB77BF84EBE3B39B478F48034094B10146C7A14387A6A7A7D37AF461AB357776768AC5E2DCDC5C8A318FC40DDB6106C0303036C028D8DDDD9D9999595A5A2A97CB69ADC370D69AEBEBEB535353E133532A95D25E1712309C871900E9323640E6ADACAC8455FBE6E666BAAB31CCB5E6A14387C2A768757535ED15A157C37C9801901663036458A9549A9B9B5B585818865310435E6BEEEEEECECFCFCFCCCC6C6D6DA5BD2E746FC80F330052616C80ACAA5E5215FE4C7B459E96895AB3F27D3ED38B8B8BC31002E942260E330006CCD800D91396E30B0B0B737373BBBBBB69AFCBB332546B1E3972A45028843FD35E113A96A1C30C8081313640C66C6E6ECECCCCACACACA4BD228DB2556B86B1707171717A7A3AF5F720D1916C1D66000C86B10132A35C2E2F2D2D857966383F95388BB5E6D6D656F87CCECFCF0FD5F92EDAC8E2610640BF191B48529C6AA3978A24F16AA6E90287B3660A63CCF4F4F4A14387D25E919686F3798B637575756A6A6A989F5B6AB27B9801D03FC6069214B3DAA89F6CAC99AE97DF74696D96DC7482367375BAFCA454BF4373384FCED464BAD62C954A4B4B4B43F5710B3495E9C30C803E313690985A1E683341FBB410F3213A5DA57DEF6DBA1AFD589F2EECECECA4FE1D9A318D40AD1986C6B9B9B962B1183EED69AF0BCD8DC0610640E28C0D24234E38697A92A4FD2CFB2EA1EBE91BEE6A9AC7F67DB87E57572B2B2B197AFFFAC8D49A6B6B6B535353CBCBCBC31F237368640E330012646C20016DB24ACC89635EBB95EC599AC14F1FDFEEEEEEF07C87664CA3546B8661268C3461B009E34DDAEBC2738CD2610640528C0DF42AFE3999DAED0DE9A5FD199E56F7267261588FEF8DE95375B5BEBE3E3D3D9DB937758C5EADB9B3B3532C16C36C39E4EF62CA95D13BCC00E89DB1819ED4AED76A1A0662E693FA89E3479AE85DF1B5DF9C5677F5BEFC7D0DE77768C634AAB566982DA7A6A69696963274C66C848DEA6106402F8C0D74A969EDDEF4967DA34BD791A6E92DF1EF1DFCF4ED6D6E6E86A5F3107E87664CA35D6B1E3A7428DC3BABABAB69AF48DE8DF6610640778C0D242966B5D1F4644BD348D3FECF7D1FB1DF675D92AAAE6ADFA199C5933335235F6B867B677E7E3EDC4D5B5B5B69AF4B7E8DFC610640178C0DF4A48B30D0D1599A7D234DAB1BF7BD2B11892C3FAC8F87FC3B3463CA49ADB9B9B919EEAFC5C545D7A1A522278719001D313690A47DAB8DA65791B5BF206DDFE5F723D27477BAA90B6192999999198D779FE7AAD63C72E448A150087FA6BD22B993ABC30C80988C0DF4AA5508691A489A9EC6691A69E2A797AE234D8F579DEDBBFCF6C2189395EFD08C296FB566A9545A5C5CCCD017078D86BC1D6600C4616C20014D7348D36BC6DAE79F8E4EF274B4629D4ED6EFB3342B2B2B619E19B152389FB5E6D6D656B82BE7E7E733FD3EA80CC9E76106407BC60612108D34ADCA8E7D4FE9247B5624FEF471DEB4D3FBFA04D9FC0ECD98F25C6BAEAEAE4E4D4D8DC01BA2865F9E0F33005A3136D0A598576D355CBBD5F4F6387122E6699C1EA78F3F63A7CBAFAA7EC349E6BE4333A69CD79A61465D5A5A1AE1FD3B24727E9801D094B181818A73B1599C333C9D3E563F66EC68F9B5EFD01CBD9333356ACDA0F216A9702F178BC59D9D9DB4D7653439CC0088323640DF6D6C6C64FA3B3463526BD6ACADAD857B7C797979643EFB617838CC00883236401F55BF43737676360FEF1D576BD60B777D1869C26013C69BB4D765A438CC0088323640BF54BF93313F6F19576B46EDECEC148BC5B9B9B9D1F8EAA161E0300320CAD8007D112699D9D9D95C15B26ACD56AA1F0BB1B4B434C2EFA41A1887190051C6067AF199AB1B3EC2ECEACF34BBF38D1FBAAFD57C9DDC9511A3F71D9A31A55B6B0E7FA51BA6DC30D8ACAEAEA6BD22D936FC3B1A80C13336D083FB3EF4C656C1E35C3279E6AEFADFBBBE2B2356565672FB75F26D3EAD7BDF4FF78E394B47D30F68B33BB1BBBB3B3F3F1F26DEADADADB4D725AB8673CF02902E63033D38973AEACFCBD434669DBA09BBBB2B036ADFA199B7933335FBD69AED27E86EF6E88DC35FF256DF64B5B8B8E83AB42E0CFFFE0560F08C0D74EF5C046999689E73CFB3377477D7D0AB7E797CCEBF633195481344CE0EB55FC8F03872E448A150087FA6BD221993A15D0CC0C0181BE8DE67AE1E7BE31BDF58BBCEE7D9132CD10BD26A275CBABB6B8855BF43737E7EDE7FDC13492C6DAE22AB2D21CE256AC37CF9594D78CC2C2E2EE6F64AC5EE0CF93E052015C606BA567923FF73DF08F3F45FD1B7C1D46EE9EEAE6155FD24AB91FF0ECD98FA741226FE0419B5B5B535333313A6E23C7C7951EF46F53000A017C60692533BA992834853FD0ECDB9B93965684D9B5A337AA6A5A3D95B4D90D193334D55AF5DCCCFB718752D8B3B17807E3336909CDA7B5F46FDC2B3BC7D87664CEDDFEB527FD958FBD95BE593A691A6A3351972A55229CCC9DE94D55E46772E007D656C2039B54C32D21F0F1026999999995C7D87664C4D6BCDA68124FE946D6E0F46EB2C4D4D7868CDCDCD158BC59D9D9DB4D76518657AE702D027C606BA150D1CCF9E5419CD0F71AE7D8766DA2B32A4DA9F45691554A2B774146962AE49E6ACADAD4D4D4D2D2F2FE7F633C15B19819D0B40E28C0D74AF21723CFBF100C1087ED5E69123477C32557BED43CBBE81C4599A06619809234D186CC27893F6BA0C91D1D8B90024CBD8404F2A9F7AF6B486132A95B338558DC9A4BBBBD252FD0ECDC5C545FF2F6FAFFDA5651D459AA6F9A44D2D3BC265EECECE4EB1580C8F40D73A568DF0BE06A06BC60668676565C5DBB5636A9F3DF6AD443B3A4B3316F9FCB4F897A56551F5E3C29796967CFDD128ED560092626C80E6AADFA1195244C6D4BED68C1F69E24CD03ED2C439B19345870E1D0A83CDEAEA6ADA2B92A611DBA70024C2D8004DF80ECD2EF42FD23404987D13CBA8469AA07219E4FCFCFCCCCCCCD6D656DAEB928ED1DBA700F4CED800CF512E97AFB9E61ADFA1D985BE9EA569935E46F5E301DAA87E33D2E2E2620E4F218EFCCE05A00BC6067856B5523C7CF870DA2B92496ACD013B72E448A150087FA6BD2203E5300320CAD8004F5B5E5EF61D9ABD506B0E5EA9545A5C5CCCD5C78B3BCC00883236C0D3DFA119469AB45724DBD49A69D9DADA0A0FE0F9F9F93C5C2DE9300320CAD840DE1D3A742857FFE4EE1FB566BA565757A7A6A6C2E339ED15E92F87190051C606F2ABFA1D9A4B4B4BBE4333116ACDD4954AA5F0781EED6F5272980110656C20A77C8766E2D49A43627B7B3BCCEAC56271676727ED75499EC30C80286303B9532A95E6E7E77D8766E2D49A43656D6D2D0CEDCBCBCB237612D261064094B1817CA97E8766CEBF7FBD4FD49AC3260C3361A4090FF830DEA4BD2E8971980110656C202FC2F26E7171D17768F68F5A7338EDECEC148BC5F0C81F8D0F2877980110656C2017AADFA199B72F251C30B5E630AB9E9F5C5A5ACAFAF5960E3300A28C0D8CBEB08CF31D9A03A0D61C7E870E1DCAFA85970E3300A28C0D8C88F7BCE73D2B2B2B0D3756BF4373E4BFA96348A83533617777777E7E3E7C5D6C6D6DA5BD2EDD70980110656C6014BCEB5DEF0A0B9DF3CF3FBFFEC39D7C87E680A93533A47A29E6E2E262C375687FF3377FF39EF7BC27ADB58AC361064094B181CCBBE5965BC62A5EF7BAD7553FD9697777777676D677680E985A33738E1C395228146AEF310BE34DB8135FF6B29785AF9D7457AC0D87190051C60632EFA28B2EAA469A1FFAA11FFA999FF999EBAEBB6E6A6A6A636323EDF5CA1DB566168531667171B17A3EF3AFFEEAAFAA2FA5898989A1FD140187190051C606B2ED431FFAD0D87385C1E64B5FFA52DAEB95476ACDECDADADA7AED6B5FFBFCE73FBFF622BAE28A2BD25EA9E61C660044191BC8B052A9343E3E5E9F67262626DEF296B7148BC5B4572D8FD49AD9F59EF7BCA7E15F03AF78C52BFEE22FFE22EDF56AC261064094B1810C0BA3CB8B5EF4A24B2EB9E4A28B2E7AF9CB5FFEDAD7BEB65028CCCDCD0DED3533A34DAD995D4B4B4BE1EE9B9C9CFCE99FFEE9F0D5F4C217BEF0652F7BD92B5FF9CA21FC740D87190051C606326C666626AC6F5EF29297FCDCCFFDDCF2F2F2C6C6C6CECE4EDA2B955F6ACDAC0B5F3EE18B287C29FDDAAFFDDA0FFFF00F873BF435AF794DDA2BD5C861064094B181AC2A97CBBE4373A8A83547CCDADADAD4D4549870D25E91E770980110656CC8A4B09A5F5D5D9D9F9F9F9D9D2D140A6379156E7BF80C148BC5959515179BA56E4CAD39BAF43955FA1C80E1A404C99EF5F5F570580D6B8BEBAFBFFEF337DC70DFFDF79FDADBCB670BB73D7C068E1E3D7AD5555785CF495864A4BD7372272C73C33A6F7C7C7C7A7A7AACF2668CF0E78B5FFC62A7CE46893E479F0330E4449A2C29954A0B0B0B070F1E7CE0C1074EED9DD2EADBC38F3C1C1619E193B3BBBB9BF68ECA918F7FFCE3D1FF645F7EF9E5D5EF3C25EBF439FA1C804C10693223AC2DA6A7A7FFE9231F3EB577526BD53EF9A94F5E7AE9A53E246060CAE5F2F9E79F5F9F672EB9E492C9C949D7E48C007D8E3E07202B449ACC585858A8D4164F69EDDBE76FF8DC6597FD7CDABB2B47DEFBDEF7BEE0052FA8459A77BEF39D4B4B4B69AF1409D0E7E87300B242A4C986F5F5F58307AFD83B5DD6E2B4DFFF83F75C7BED9FA6BDD372E4C20B2FACE6992BAFBCB2502894CBE5B4D7885EE973F439001922D2644058208665E2830FEDEC9D7E528BD38E9FF8C18103977887FAC07CF18B5F3CEFBCF3C248333737E75D3423409FA3CF01C816912603565656161616F64E3F516B97CFFD72CC8F1CAD9F2B57EDDA6BFFC4E54F83F4A637BDA91A69D25E1112A0CFD1E700648B489301C562F1E8C7FEFDD9DAE28A83DF09826F9D09EEDD0BBE7A32B8F36470DBF1D3873FF685CF3EF4D82DA782FF2907B794831B9F083EF754F0D737DE75F5E23B521FE95369B71FDB9C9E9E4E7BD7E5C8EEEE6E58CEFA2FF568D0E7E87300B245A4C980A9A9A9BBEFBE63EFF4896A0B0BC7E34170E26CF0D8E9E0FBA7822782E0F7FEF0FD63CF7BC9CC15C587F682074E060F3C15EC9483FB4E071FFDEF3B2BFF343D91C376FCC4A3E3E3E369EFBA7C19F3559BA3429FA3CF01C8162548064C4C4C3CF2E8437BA78F575B58313C71263879E6DC5DA7CF9EFBF9894FFFC78FFFD4CFFCD107FEF274103C7E3A786C2FF8FE5E500A82CFDDFAE54A79713C9F4D85DD6FE572796D6D6D7979B9582CCE3E636E6E2EBC656565C5977564973E479F03902DFADF0CA894088FD75AF8E789D3C1A34F06A7CE3C3D41A954FAABBFFDFB3FFD8BBF7DE0DBE78AC8BDB3C1A94AD971F3ED7736CC9BABA6BCE89F30C9843166DFB7554C4F4F1F3972C407A0658E3E479F03902DFADF0CA89408FF576BE7CA8B33C1C34F04DF3D1EEC05C1A99327A75EFDEAB1B1E78F8D8DBFE537AEAA9FF1B6637734CC9BABA6BCE8878D8D8D99999998EF14AF2A140A3E062D5BF439FA1C806CD1FF6640A54478ACD6AA17813CFA64F0EDC783EF3D15DC76F7372EBCF0C2E7BFE0852F7AE98FCEBFED39E5C5ADB71F6B9837574D7991AC72B9BCB0B0103D0FF3FBBFFF07478F7EECF3377CA1D6DEF7BEF71F3C78B061CA62B1582A95D2DE0862D1E7E87300B245FF9B019512A1546BE19F4F9E0DBE5F3EF71FD3879F0A6EB875FB75075EFFA33FF6F2974EBCECEFFFE5A34F05C1F193C11327CFCD78E3E6AD0DF3E6AA292F12B4BBBBDB7072E6DDEFFEDDFBEEBFFFD4DEE956EDE1471EFDBBEBAE9B9C9CAC3F5DB3B5B595F6A6B03F7D8E3E07205BF4BF19100E93A74FFFA0D6AAA36658613CB617FCE054F0EDC7F76EBE6BE7C0CFBEE1F25FFCA5EF9D0CBE5B0EBE570E1E3D198405C68DB7DCDA306FAE9AF222293B3B3B611AA92593B9B9B9F661A621D8BCEF7DEFAFCD3B3E3EBEB9B999F606B10F7D8E3E07205BF4BF19D05022CC5E7ED997BF76EF6D776D6F6E6DDF746CFBA63BEEB9F9CBF7FFE72D5FFDEFBBBEF9C563F77CE9D8D76FBAE3EB9B77DE73D7BDFF7BDD3F7CE4AD57BE35F5615E799169E572B9FEFCCC07AEBD366698A96FD75FFFFFC230533B57E3C3D0869C3E479F03902DFADF0CA89417DFAF6FEF7AD73BDABC1BBBE6D7DFF296861973D5941789989F9FAF1D51478F7EAC8B3C536DB7DD7E6C6262A2BA9CD9D9D9B4378B76F439FA1C806CD1FF6640A5BC7854EBB4292F7AB7B6B6D6E3F999FAF6C94F7DBAB6B4C3870FA7BD71B4A4CFD1E700648BFE3703CE9517671ED13A6DCA8BDE4D4F4F5713C8DCDC5C8F79A6DA6AEFAB999C9CF47D35434B9FA3CF01C816FD6F0654CA8B87B54E9BF2A247ABABABD5F8313E3EFEC0830F2512691E3F7EA2F61968D75C734DDA9B4873FA1C7D0E40B6E87F33A0525E7C4FEBB4292F7A343B3B5BCD1EEF7EF7EF269267AAED9F3EF291EA62272626D2DE449AD3E7E87300B245FF9B0195F2E2BB5AA74D79D18B52A9547BDF4B52A7686AEDE28B0BD5256F6C6CA4BDA134A1CFD1E700648BFE37032AE5C56E9F5AFB8577F1D03167693A59B25BAABCD8D7EAEAEACECE4ED3BB5656566A9F4E966C9E09DBD5573FFDF1594B4B4B9DAE1803D0D12BB1D5C49DDE9E78EBA52FEA6E3DF5390069D1FF66408F1540C3A7AC76346C77F7D071E61A40B9A3BC68EF9E7BEEA91E12175C70C1D1A3471BEE5D5C5C4CEA83CEA2EDF3377CA1BAF0999999FA072D954A6F7BDBDBAA77BDE215AF906AD2D2E9CBB0A38EA5FEAEB166E2F76671A6EF68E55BFDAECF011872FADF0CA88CACDFE9BAD5CF1E5D549B8537AD1E9A2E21A6388FDBE3C6362C2AED5D37D4CAE5F2F39EF7BCEAAE39EFBCF35EFBDAD7D64788B9B9B9EA5D9FFCD4A7138F34F7DD7F7F75E18542A1F688478E1CA97D1D67F8CBE4E4A46FE44C4B172FC3F6FD4CCC1778C342A21D486D82E82F89F44531B7429F03306CF4BF19100E9367CE7CBBEB569DBDFE67F4DEA673C59CB8BBC96A7FB6293B7AD9EAEA92D3DE75C3AEF6E163552F7AD18BDEFEF6B7573F5BB9F6F1CDB7DD7E2CF14813B6DA83868FB5BDBDFDAA57BDAA7E4D666666EAD30E03D6FBABAF7D77D4695FD466F6A6F776D717EDFB58FA1C80A1A5FFCD80CA80FA50D7AD3A7BC3CF1611E239B334FCD2743562DED8B09CA60FDA6A69BD6C78ED33BBE8542DEDDC77FFFDFD8834B5E5DB47C3A9A3175ACC858C35EB64DAF730D1B95A3D4AD3D9DBAC43D3E5345DC3F8CFC69848039012FD6F065406D407BB6ED5D9EB7F46EF6D3F7BCC69DA5636CDD7AACD2D3D6E75750969EFBA61F7D297BEB4B68F8A1561C0D8DEDE0EEF9A9A9AAADEFE95BBEFEE47A4A95D63163ED6CECECE2FFCC22FFCC44FFC446D652EB8E082E9E9E9B49F9EFCEAE8D5D76AE2E82BBA559F50FB73DFBE223A65FB47E9B42F8AFEDEE95391F6AE03C829FD6F0654C6D407BA6ED5D9EB7FD6DFD566E1F5F7EE3B65FC3F9B2E6DDF59BADBF0B477DD50AB7D4C73985E7EEBB77E2BFCB9BABA5ABBB776F2E4F3377C21F13CF3F0238F56175EFFD534EBEBEB175F7CF12B5FF9CAEA5DE79F7F7EF5123806AFA31760AB8963DE1EA7BB88FE1EFDA5BB8547975FEB9DDA777AFA1C80A1A2FFCD80CAB0FABF5DB7EAECF53FEBEF6ABAF0FADBEB2768337DFC3F6BCBA97F88C87F52BBDFDEFA47497BD70DB56F7DEB5BE3E3E37373738542616969294C38F5F72E2C2C54F7C5DF5D775DE291E62B77DF5D5D78C3A99830C32C2F2F5F74D145E1EDE1CFADADADC13E253CADA3D760AB89F7ED2BF6ED4FA2DD42B4AFE8A8F369F370D11EB28B8E489F039016FD6F06F429D2C40C39FB0692567546FB9AA3E9A3775746282FBAB6B6B6B6B2B2D2F4B3920F1D3A54DD77575DF59B89479A0F5C7B6D75E1F3F3F3D1870ED7275CAB70DDFABEFDB4D069A489F3C2EFFAD5DD268774B4324D57A9A1D38BF690FA1C804CD0FF66406564FD56D7AD3A7BFDCFE8ED4DE76A5D13347F888EFE6CFAE8D1D5EB71C3D3DE7519B6BDBD5DDDDD1313138F1F3F916CA4B9ECB2CBAA0B0FA34BDA1B4A131DBDFADAF421EDBB9456FD4C9CE5C77FD0F673353C628F5D903E07202DFADF0C3837B29EDDE9BA5567AFFFD9F497F6B3B7FA33CE34F57FB67ADCA70B8BB68FD2C586A7BDEBB2AD502854F7CBD1A31F4B30CFD4BE9426D470B51B43A2EB1760FB19DBDC1BF3AEE611A8DBBEA8A1576CF3BB3E0760C8E97F33A032B27EB3C756BF9056BFB79FABCDF44DEB8CE7D61C2D971C9D2091EDAD2E27ED5D976D4B4B4BD5BD73E0C081044FD4FCEA9BDF5C5D6CB1584C7B1369AED3D7609B2E25E6A2DA4CD6BE0349B02F6AF57BFC67439F039016FD6F065406D46FF4D2AA4B68BA9CF60B8FDE1B6721EDFF6CFFB8BD6F6CFDA2D2DE75D9562A956ADF1EF3816BAF4D24CFDC78D3CDB5E2D2BBFF8756CC97616DB2FAE9A337463B8467D245AC177E47D3F7D817D57795ADD65F9F033084F4BF19501950EFEFA5D596105D549B8537BD2BCECA743D4DF5C6DEB7B7B6B4B4775DE61D3E7CB85A4D8E8F8FF7FE69CEF7DD7F7F2D232D2E2EA6BD71B414F335D8A66389DE5B974C6275089D4E9F485F54FF88EDB74E9F033054F4BF19501950EFEBBAD5CF1EFDBDD5C21B6E6F3F71FB79632EBFD57AF6B2E169EFBA5130333353DD3B611A093349D779E6F1E3270E1C38505BD4EEEE6EDA5B464B5DBF841B74314BFD8C9D4EDF695F14EDD65A3DA23E0760C8E97F33A032A0DEDB5D6B3F6FAB7B9BDE1E7F35E24C599BE6998AA1FB876BF31069EFBA51B0B3B3333131518B22B7DD7EAC8B3CF3C0830FD5F2CCF8F8F8C6C646DA9B3508D93D027B7FF50D49DB774392DDD2ECEE7180ACD3FF66C0C89417036ECA8BA48409A4F6EFEA309074FAE59B37DE7473ED7AB3D0E1C38753D98A36FFE3AFD7E92C1D4D3FD82DEE9E3E479F03902DFADF0C0887C9B367EFD13A6DCA8B04ADADADD5CED58C553E03ED939FFA749C93336FBDF2CAFA9A3EAD3CD34AFB8364DF43A8E904D11B337728EA73F43900D9A2FFCD804A79F175ADD3A6BC48D6F6F6F6D4D4547D3E0983CDFBDEF7FEAFDC7D7734C9FCDD75D71D3C78B07EE230110DE1F566FD88340DB767F138D4E7E87300B245FF9B0195F2625BEBB4292F12572A95969797C7C7C79B5E5575E9A597B6BA6B7E7E7E083F0F206662697315596D09ADA66935E390D3E7E87300B245FF9B0195F2E26B5AA74D79D12761385958588859BECFCECE6E6E6EA6BDCACDC58C34BD4C9051FA1C7D0E40B6E87F33607C7CFCC927EF387BF6AB5A474D79D157E57279757535CC36D3D3D30D31A65028148BC523478E0CE199999AE89996A6D3ECBB90A68BCDE8C9991A7D8E3E07205BF4BF19101688DFFCE667CF9EBD5BEBA8292F68652C72D9589BC9826641A5D58CFB2E2A13F439FA1C806CD1FF66C0DCDCDC67D68F9C0DBEA2C56F5FDBFEC4D4D454DABB8E61D43490342D465B4597F6916604CED2E873F43900D992A55136B70E1D3AB4B4F4F6D407EC6CB57F5EF9C0C2C242DABB8EA1D326C6B439E5D251A4D9F771879F3E479F03902D591A65736B6767676AEA279F2CDF7636B84B8BD98AC537ADADADA5BDEB182EF1334CC39F793B4BA3CFD1E700644B9646D93C5B3E67F16CF0652D4EFBB7D53F9F9F9F4B7BA7315CE29C5169135D62BE97A6CDC2B3459FA3CF01C8906C0FBAF9512E976767DFB0B9F9AF4170A7D6BEEDEEDE3035F593A5D28D69EF348648FBB7CAEC3B579CB3340D1F39D074F919CA39FA1C7D0E408664667C657B7B7B7AFAD5DBDB6B41B0A5B56A616D11D6611B1B1F4E7B779101F1234D9C09DA479A382776868D3E479F03901599195C096D6E6E8615C6A143BF13047768D1B6B6F6C1A9A9C2C6C63FA6BDA3C8865E224D4380D937B16431D204FA1C7D0E404664697025A85C0DB2B4B4303BFBFA95953FDEDDFD5C101CD34AA5FF5A5DFDB3F9F983C5E26CF87BDABB88CCE8F12C4D9BF492F58F07A8A7CFD1E7000CBFAC8EB239B7B1B1B1B0F02B93933FD2E6E395F26362E282F9F92BC20A23EDDD02234B9F534F9F03306C441A7AE27B188041D2E7001025D2D0BD5B6EB9656C6CAC542AA5BD22405E8C65F6123E00FAC7D840F72EBAE8A2B0BCF8EDDFFEEDB45704C80B9106802863035DFAD0873E54BDACFC15AF78C5D6D656DAAB03E48248034094B1816E944AA5F1F1F16AA479E10B5FF8FAD7BF3EED35027241A40120CAD840378AC562FDE7FF5C74D1452B2B2B69AF1430FA441A00A28C0D74AC542A453FD5F495AF7C65B95C4E7BD5801127D20010656CA0631FFEF087AB31E675AF7B5D2DD2BCE635AFD9D8D8487BD5801127D20010656CA0635FFAD2975EF29297140A85898989B0BC98AC78F9CB5F2ED200FD26D20010656CA01B5B5B5B3B3B3BC133E545F8BB0F3D030640A40120CAD8404F9417C020E97300883236D013E5053048FA1C00A28C0DF44479010C923E07802863033D515E0083A4CF0120CAD8404F9417C020E97300883236D013E5053048FA1C00A28C0DF44479010C923E07802863033D515E0083A4CF0120CAD8404F9417C020E97300883236D013E5053048FA1C00A28C0DF44479010C923E07802863033D515E0083A4CF0120CAD8404F9417C020E97300883236D013E5053048FA1C00A28C0DF44479010C923E07802863033D515E0083A4CF0120CAD8404F9417C020E97300883236D013E5053048FA1C00A28C0DF44479010C923E07802863033D515E0083A4CF0120CAD8404F9417C020E97300883236D013E5053048FA1C00A28C0DF44479010C923E07802863033D515E0083A4CF0120CAD8404F9417C020E97300883236D013E5053048FA1C00A28C0DF44479010C923E07802863033D515E0083A4CF0120CAD8404F9417C020E97300883236D013E5053048FA1C00A28C0DF44479010C923E07802863033D515E0083A4CF0120CAD8404F9417C020E97300883236D013E5053048FA1C00A28C0DF44479010C923E07802863033D515E0083A4CF0120CAD8404F9417C020E97300883236D013E5053048FA1C00A28C0DF44479010C923E07802863033D515E0083A4CF0120CAD8404F9417C020E97300883236D013E5053048FA1C00A28C0DF44479010C923E07802863033D515E0083A4CF0120CAD8404F9417C020E97300883236D013E5053048FA1C00A28C0DF44479010C923E07802863033D515E0083A4CF0120CAD8404F9417C020E97300883236D013E5053048FA1C00A28C0DF44479010C923E07802863033D515E0083A4CF0120CAD8404F9417C020E97300883236D013E5053048FA1C00A28C0DF44479010C923E07802863033D515E0083A4CF0120CAD8404F9417B4E1F020710E2A00A28C0DF4447931DAC662E868FAB4368491E1280220CAD8404F9417A36DDFFDDB7482E88D8E1392E2580220CAD8404F9417A3ADBB48D370BB838404399C00883236D013E5C568ABEEDF365791D50E803897A8B9FC8CDE397E00883236D013E5C568EBFA2C0DF489430E802863033D191F1F2F97CB69AF05FDD245A4717286BE72200110656CA027854261676727EDB5A05FDA5C57D63041749698B743471C480044191BE8C9F4F4F4D6D656DA6B41BFB48A2EED238DB334F4C9EEEEEEE4E464DA6B01C0D05164D093D9D9D98D8D8DB4D7827EE92ED2B45F14746D6767A75028A4BD16000C1D45063D595858585959497B2DE8176769182AEBEBEB73737369AF0500434791414FC23C13A69AB4D7827EE9E2BD34D1792129CB1569AF05004347CD414FB6B7B7A7A6A6D25E0BFAA5A3B33463CFFDA69AE85C4D6F81F8E6E6E6D6D7D7D35E0B00868EF2825EF9848011B66F02891F69E29CD881367677770B85824F8D07204A6D41AF0E1F3E7CCD35D7A4BD16F4C5BED7954583CABE1F0F20D2D01D5D0D00ADA82DE855B95C2E140ABBBBBB69AF08C96B1F3FDAA4171F0F40B2F43300B4A1C820011B1B1BB3B3B369AF0530B27CB822006D883424637979D93521403F1C3E7C78717131EDB5006078893424666969696E6EAE542AA5BD22C0882897CB0B0B0BF20C00ED893424697D7DBD50282C2F2FBBE41DE845A9543A7CF870D89FB8DE0C807D8934242C2C44C248131622737373E12F1B1B1B69AF119019618F71E8D0A162B118F621D75C738D7F8E00108748435F94CBE5F5F5F530D2CCCECEB6FAFC2B8006618FB1B4B4B4B6B6E6125600E213690000800C13690000800C13690000800C13690000800C13690000800C13690000800C13690000800C13690000800C13690000800C13690000800C13690000800C13690000800C13690000800C13690000800C13690000800C13690000800C13690000800C13690000800C13690000800C13690000800C13690000800C13690000800C13690000800C13690000800C13690000800C13690000800C13690000800C13690000800C13690000800C13690000800C13690000800C13690000800C13690000800C13690000800C13690000800C13690000800C13690000800C13690000800C13690000800C13690000800C13690000800C13690000800C13690000800C13690000800C13690000800C13690000800C13690000800C13690000800C13690000800C13690000800C13690000800C13690000800C13690000800C13690000800C13690000800C13690000800C13690000800C13690000800C13690000800C13690000800C13690000800C13690000800C13690000800C13690000800C13690000800C13690000800C13690000800C13690000800C13690000800C13690000800CFBFFD6FED72CB95E4E580000000049454E44AE426082, '0');
INSERT INTO `act_ge_bytearray` VALUES ('1603', '1', 'baoxiaoProcess.bpmn', '1601', 0x3C3F786D6C2076657273696F6E3D22312E302220656E636F64696E673D225554462D38223F3E0A3C646566696E6974696F6E7320786D6C6E733D22687474703A2F2F7777772E6F6D672E6F72672F737065632F42504D4E2F32303130303532342F4D4F44454C2220786D6C6E733A7873693D22687474703A2F2F7777772E77332E6F72672F323030312F584D4C536368656D612D696E7374616E63652220786D6C6E733A61637469766974693D22687474703A2F2F61637469766974692E6F72672F62706D6E2220786D6C6E733A62706D6E64693D22687474703A2F2F7777772E6F6D672E6F72672F737065632F42504D4E2F32303130303532342F44492220786D6C6E733A6F6D6764633D22687474703A2F2F7777772E6F6D672E6F72672F737065632F44442F32303130303532342F44432220786D6C6E733A6F6D6764693D22687474703A2F2F7777772E6F6D672E6F72672F737065632F44442F32303130303532342F44492220747970654C616E67756167653D22687474703A2F2F7777772E77332E6F72672F323030312F584D4C536368656D61222065787072657373696F6E4C616E67756167653D22687474703A2F2F7777772E77332E6F72672F313939392F585061746822207461726765744E616D6573706163653D22687474703A2F2F7777772E61637469766974692E6F72672F74657374223E0A20203C70726F636573732069643D2262616F7869616F50726F6365737322206E616D653D224D792070726F636573732220697345786563757461626C653D2274727565223E0A202020203C73746172744576656E742069643D2273746172746576656E743122206E616D653D225374617274223E3C2F73746172744576656E743E0A202020203C757365725461736B2069643D22757365727461736B3122206E616D653D22E59198E5B7A5E794B3E8AFB7E68AA5E99480222061637469766974693A61737369676E65653D22247B696E707574557365727D223E3C2F757365725461736B3E0A202020203C73657175656E6365466C6F772069643D22666C6F77312220736F757263655265663D2273746172746576656E743122207461726765745265663D22757365727461736B31223E3C2F73657175656E6365466C6F773E0A202020203C757365725461736B2069643D22757365727461736B3222206E616D653D22E983A8E997A8E7BB8FE79086E5AEA1E689B9223E0A2020202020203C657874656E73696F6E456C656D656E74733E0A20202020202020203C61637469766974693A7461736B4C697374656E6572206576656E743D226372656174652220636C6173733D22636E2E7472632E6F612E7574696C732E5461736B41737369676E48616E646C6572223E3C2F61637469766974693A7461736B4C697374656E65723E0A2020202020203C2F657874656E73696F6E456C656D656E74733E0A202020203C2F757365725461736B3E0A202020203C73657175656E6365466C6F772069643D22666C6F77322220736F757263655265663D22757365727461736B3122207461726765745265663D22757365727461736B32223E3C2F73657175656E6365466C6F773E0A202020203C656E644576656E742069643D22656E646576656E743122206E616D653D22456E64223E3C2F656E644576656E743E0A202020203C73657175656E6365466C6F772069643D22666C6F773322206E616D653D22E4B88DE5908CE6848F2220736F757263655265663D22757365727461736B3222207461726765745265663D22656E646576656E7431223E0A2020202020203C636F6E646974696F6E45787072657373696F6E207873693A747970653D2274466F726D616C45787072657373696F6E223E3C215B43444154415B247B6D6573736167653D3D27E4B88DE5908CE6848F277D5D5D3E3C2F636F6E646974696F6E45787072657373696F6E3E0A202020203C2F73657175656E6365466C6F773E0A202020203C757365725461736B2069643D22757365727461736B3322206E616D653D22E680BBE7BB8FE79086E5AEA1E689B9223E0A2020202020203C657874656E73696F6E456C656D656E74733E0A20202020202020203C61637469766974693A7461736B4C697374656E6572206576656E743D226372656174652220636C6173733D22636E2E7472632E6F612E7574696C732E5461736B41737369676E48616E646C6572223E3C2F61637469766974693A7461736B4C697374656E65723E0A2020202020203C2F657874656E73696F6E456C656D656E74733E0A202020203C2F757365725461736B3E0A202020203C73657175656E6365466C6F772069643D22666C6F773422206E616D653D22E98791E9A29DE5A4A7E4BA8E353030302220736F757263655265663D22757365727461736B3222207461726765745265663D22757365727461736B33223E0A2020202020203C636F6E646974696F6E45787072657373696F6E207873693A747970653D2274466F726D616C45787072657373696F6E223E3C215B43444154415B247B6D6573736167653D3D27E98791E9A29DE5A4A7E4BA8E35303030277D5D5D3E3C2F636F6E646974696F6E45787072657373696F6E3E0A202020203C2F73657175656E6365466C6F773E0A202020203C757365725461736B2069643D22757365727461736B3422206E616D653D22E8B4A2E58AA1E5AEA1E6A0B8222061637469766974693A61737369676E65653D226C69223E3C2F757365725461736B3E0A202020203C73657175656E6365466C6F772069643D22666C6F773522206E616D653D22E98791E9A29DE5B08FE4BA8EE7AD89E4BA8E353030302220736F757263655265663D22757365727461736B3222207461726765745265663D22757365727461736B34223E0A2020202020203C636F6E646974696F6E45787072657373696F6E207873693A747970653D2274466F726D616C45787072657373696F6E223E3C215B43444154415B247B6D6573736167653D3D27E98791E9A29DE5B08FE4BA8EE7AD89E4BA8E35303030277D5D5D3E3C2F636F6E646974696F6E45787072657373696F6E3E0A202020203C2F73657175656E6365466C6F773E0A202020203C73657175656E6365466C6F772069643D22666C6F77362220736F757263655265663D22757365727461736B3422207461726765745265663D22656E646576656E7431223E3C2F73657175656E6365466C6F773E0A202020203C73657175656E6365466C6F772069643D22666C6F773722206E616D653D22E4B88DE5908CE6848F2220736F757263655265663D22757365727461736B3322207461726765745265663D22656E646576656E7431223E0A2020202020203C636F6E646974696F6E45787072657373696F6E207873693A747970653D2274466F726D616C45787072657373696F6E223E3C215B43444154415B247B6D6573736167653D3D27E4B88DE5908CE6848F277D5D5D3E3C2F636F6E646974696F6E45787072657373696F6E3E0A202020203C2F73657175656E6365466C6F773E0A202020203C73657175656E6365466C6F772069643D22666C6F773822206E616D653D22E5908CE6848F2220736F757263655265663D22757365727461736B3322207461726765745265663D22757365727461736B34223E0A2020202020203C636F6E646974696F6E45787072657373696F6E207873693A747970653D2274466F726D616C45787072657373696F6E223E3C215B43444154415B247B6D6573736167653D3D27E5908CE6848F277D5D5D3E3C2F636F6E646974696F6E45787072657373696F6E3E0A202020203C2F73657175656E6365466C6F773E0A202020203C73657175656E6365466C6F772069643D22666C6F773922206E616D653D22E9A9B3E59B9E2220736F757263655265663D22757365727461736B3222207461726765745265663D22757365727461736B31223E0A2020202020203C636F6E646974696F6E45787072657373696F6E207873693A747970653D2274466F726D616C45787072657373696F6E223E3C215B43444154415B247B6D6573736167653D3D27E9A9B3E59B9E277D5D5D3E3C2F636F6E646974696F6E45787072657373696F6E3E0A202020203C2F73657175656E6365466C6F773E0A202020203C73657175656E6365466C6F772069643D22666C6F77313022206E616D653D22E9A9B3E59B9E2220736F757263655265663D22757365727461736B3322207461726765745265663D22757365727461736B31223E0A2020202020203C636F6E646974696F6E45787072657373696F6E207873693A747970653D2274466F726D616C45787072657373696F6E223E3C215B43444154415B247B6D6573736167653D3D27E9A9B3E59B9E277D5D5D3E3C2F636F6E646974696F6E45787072657373696F6E3E0A202020203C2F73657175656E6365466C6F773E0A20203C2F70726F636573733E0A20203C62706D6E64693A42504D4E4469616772616D2069643D2242504D4E4469616772616D5F62616F7869616F50726F63657373223E0A202020203C62706D6E64693A42504D4E506C616E652062706D6E456C656D656E743D2262616F7869616F50726F63657373222069643D2242504D4E506C616E655F62616F7869616F50726F63657373223E0A2020202020203C62706D6E64693A42504D4E53686170652062706D6E456C656D656E743D2273746172746576656E7431222069643D2242504D4E53686170655F73746172746576656E7431223E0A20202020202020203C6F6D6764633A426F756E6473206865696768743D2233352E30222077696474683D2233352E302220783D223335302E302220793D2234302E30223E3C2F6F6D6764633A426F756E64733E0A2020202020203C2F62706D6E64693A42504D4E53686170653E0A2020202020203C62706D6E64693A42504D4E53686170652062706D6E456C656D656E743D22757365727461736B31222069643D2242504D4E53686170655F757365727461736B31223E0A20202020202020203C6F6D6764633A426F756E6473206865696768743D2235352E30222077696474683D223130352E302220783D223331352E302220793D223134302E30223E3C2F6F6D6764633A426F756E64733E0A2020202020203C2F62706D6E64693A42504D4E53686170653E0A2020202020203C62706D6E64693A42504D4E53686170652062706D6E456C656D656E743D22757365727461736B32222069643D2242504D4E53686170655F757365727461736B32223E0A20202020202020203C6F6D6764633A426F756E6473206865696768743D2235352E30222077696474683D223130352E302220783D223331352E302220793D223236302E30223E3C2F6F6D6764633A426F756E64733E0A2020202020203C2F62706D6E64693A42504D4E53686170653E0A2020202020203C62706D6E64693A42504D4E53686170652062706D6E456C656D656E743D22656E646576656E7431222069643D2242504D4E53686170655F656E646576656E7431223E0A20202020202020203C6F6D6764633A426F756E6473206865696768743D2233352E30222077696474683D2233352E302220783D223335302E302220793D223339302E30223E3C2F6F6D6764633A426F756E64733E0A2020202020203C2F62706D6E64693A42504D4E53686170653E0A2020202020203C62706D6E64693A42504D4E53686170652062706D6E456C656D656E743D22757365727461736B33222069643D2242504D4E53686170655F757365727461736B33223E0A20202020202020203C6F6D6764633A426F756E6473206865696768743D2235352E30222077696474683D223130352E302220783D223532302E302220793D223338302E30223E3C2F6F6D6764633A426F756E64733E0A2020202020203C2F62706D6E64693A42504D4E53686170653E0A2020202020203C62706D6E64693A42504D4E53686170652062706D6E456C656D656E743D22757365727461736B34222069643D2242504D4E53686170655F757365727461736B34223E0A20202020202020203C6F6D6764633A426F756E6473206865696768743D2235352E30222077696474683D223130352E302220783D223134302E302220793D223338302E30223E3C2F6F6D6764633A426F756E64733E0A2020202020203C2F62706D6E64693A42504D4E53686170653E0A2020202020203C62706D6E64693A42504D4E456467652062706D6E456C656D656E743D22666C6F7731222069643D2242504D4E456467655F666C6F7731223E0A20202020202020203C6F6D6764693A776179706F696E7420783D223336372E302220793D2237352E30223E3C2F6F6D6764693A776179706F696E743E0A20202020202020203C6F6D6764693A776179706F696E7420783D223336372E302220793D223134302E30223E3C2F6F6D6764693A776179706F696E743E0A2020202020203C2F62706D6E64693A42504D4E456467653E0A2020202020203C62706D6E64693A42504D4E456467652062706D6E456C656D656E743D22666C6F7732222069643D2242504D4E456467655F666C6F7732223E0A20202020202020203C6F6D6764693A776179706F696E7420783D223336372E302220793D223139352E30223E3C2F6F6D6764693A776179706F696E743E0A20202020202020203C6F6D6764693A776179706F696E7420783D223336372E302220793D223236302E30223E3C2F6F6D6764693A776179706F696E743E0A2020202020203C2F62706D6E64693A42504D4E456467653E0A2020202020203C62706D6E64693A42504D4E456467652062706D6E456C656D656E743D22666C6F7733222069643D2242504D4E456467655F666C6F7733223E0A20202020202020203C6F6D6764693A776179706F696E7420783D223336372E302220793D223331352E30223E3C2F6F6D6764693A776179706F696E743E0A20202020202020203C6F6D6764693A776179706F696E7420783D223336372E302220793D223339302E30223E3C2F6F6D6764693A776179706F696E743E0A20202020202020203C62706D6E64693A42504D4E4C6162656C3E0A202020202020202020203C6F6D6764633A426F756E6473206865696768743D2231382E30222077696474683D2234382E302220783D223337302E302220793D223334322E30223E3C2F6F6D6764633A426F756E64733E0A20202020202020203C2F62706D6E64693A42504D4E4C6162656C3E0A2020202020203C2F62706D6E64693A42504D4E456467653E0A2020202020203C62706D6E64693A42504D4E456467652062706D6E456C656D656E743D22666C6F7734222069643D2242504D4E456467655F666C6F7734223E0A20202020202020203C6F6D6764693A776179706F696E7420783D223336372E302220793D223331352E30223E3C2F6F6D6764693A776179706F696E743E0A20202020202020203C6F6D6764693A776179706F696E7420783D223537322E302220793D223338302E30223E3C2F6F6D6764693A776179706F696E743E0A20202020202020203C62706D6E64693A42504D4E4C6162656C3E0A202020202020202020203C6F6D6764633A426F756E6473206865696768743D2231382E30222077696474683D223130302E302220783D223339322E302220793D223239302E30223E3C2F6F6D6764633A426F756E64733E0A20202020202020203C2F62706D6E64693A42504D4E4C6162656C3E0A2020202020203C2F62706D6E64693A42504D4E456467653E0A2020202020203C62706D6E64693A42504D4E456467652062706D6E456C656D656E743D22666C6F7735222069643D2242504D4E456467655F666C6F7735223E0A20202020202020203C6F6D6764693A776179706F696E7420783D223336372E302220793D223331352E30223E3C2F6F6D6764693A776179706F696E743E0A20202020202020203C6F6D6764693A776179706F696E7420783D223139322E302220793D223338302E30223E3C2F6F6D6764693A776179706F696E743E0A20202020202020203C62706D6E64693A42504D4E4C6162656C3E0A202020202020202020203C6F6D6764633A426F756E6473206865696768743D2235342E30222077696474683D223130302E302220783D223233312E302220793D223331342E30223E3C2F6F6D6764633A426F756E64733E0A20202020202020203C2F62706D6E64693A42504D4E4C6162656C3E0A2020202020203C2F62706D6E64693A42504D4E456467653E0A2020202020203C62706D6E64693A42504D4E456467652062706D6E456C656D656E743D22666C6F7736222069643D2242504D4E456467655F666C6F7736223E0A20202020202020203C6F6D6764693A776179706F696E7420783D223234352E302220793D223430372E30223E3C2F6F6D6764693A776179706F696E743E0A20202020202020203C6F6D6764693A776179706F696E7420783D223335302E302220793D223430372E30223E3C2F6F6D6764693A776179706F696E743E0A2020202020203C2F62706D6E64693A42504D4E456467653E0A2020202020203C62706D6E64693A42504D4E456467652062706D6E456C656D656E743D22666C6F7737222069643D2242504D4E456467655F666C6F7737223E0A20202020202020203C6F6D6764693A776179706F696E7420783D223532302E302220793D223430372E30223E3C2F6F6D6764693A776179706F696E743E0A20202020202020203C6F6D6764693A776179706F696E7420783D223338352E302220793D223430372E30223E3C2F6F6D6764693A776179706F696E743E0A20202020202020203C62706D6E64693A42504D4E4C6162656C3E0A202020202020202020203C6F6D6764633A426F756E6473206865696768743D2231382E30222077696474683D2234382E302220783D223432302E302220793D223431372E30223E3C2F6F6D6764633A426F756E64733E0A20202020202020203C2F62706D6E64693A42504D4E4C6162656C3E0A2020202020203C2F62706D6E64693A42504D4E456467653E0A2020202020203C62706D6E64693A42504D4E456467652062706D6E456C656D656E743D22666C6F7738222069643D2242504D4E456467655F666C6F7738223E0A20202020202020203C6F6D6764693A776179706F696E7420783D223537322E302220793D223433352E30223E3C2F6F6D6764693A776179706F696E743E0A20202020202020203C6F6D6764693A776179706F696E7420783D223537322E302220793D223532322E30223E3C2F6F6D6764693A776179706F696E743E0A20202020202020203C6F6D6764693A776179706F696E7420783D223337342E302220793D223532322E30223E3C2F6F6D6764693A776179706F696E743E0A20202020202020203C6F6D6764693A776179706F696E7420783D223139322E302220793D223532322E30223E3C2F6F6D6764693A776179706F696E743E0A20202020202020203C6F6D6764693A776179706F696E7420783D223139322E302220793D223433352E30223E3C2F6F6D6764693A776179706F696E743E0A20202020202020203C62706D6E64693A42504D4E4C6162656C3E0A202020202020202020203C6F6D6764633A426F756E6473206865696768743D2231382E30222077696474683D2233322E302220783D223335302E302220793D223439392E30223E3C2F6F6D6764633A426F756E64733E0A20202020202020203C2F62706D6E64693A42504D4E4C6162656C3E0A2020202020203C2F62706D6E64693A42504D4E456467653E0A2020202020203C62706D6E64693A42504D4E456467652062706D6E456C656D656E743D22666C6F7739222069643D2242504D4E456467655F666C6F7739223E0A20202020202020203C6F6D6764693A776179706F696E7420783D223331352E302220793D223238372E30223E3C2F6F6D6764693A776179706F696E743E0A20202020202020203C6F6D6764693A776179706F696E7420783D223235302E302220793D223238372E30223E3C2F6F6D6764693A776179706F696E743E0A20202020202020203C6F6D6764693A776179706F696E7420783D223235302E302220793D223136372E30223E3C2F6F6D6764693A776179706F696E743E0A20202020202020203C6F6D6764693A776179706F696E7420783D223331352E302220793D223136372E30223E3C2F6F6D6764693A776179706F696E743E0A20202020202020203C62706D6E64693A42504D4E4C6162656C3E0A202020202020202020203C6F6D6764633A426F756E6473206865696768743D2231382E30222077696474683D2233322E302220783D223235362E302220793D223232302E30223E3C2F6F6D6764633A426F756E64733E0A20202020202020203C2F62706D6E64693A42504D4E4C6162656C3E0A2020202020203C2F62706D6E64693A42504D4E456467653E0A2020202020203C62706D6E64693A42504D4E456467652062706D6E456C656D656E743D22666C6F773130222069643D2242504D4E456467655F666C6F773130223E0A20202020202020203C6F6D6764693A776179706F696E7420783D223537322E302220793D223338302E30223E3C2F6F6D6764693A776179706F696E743E0A20202020202020203C6F6D6764693A776179706F696E7420783D223537322E302220793D223136372E30223E3C2F6F6D6764693A776179706F696E743E0A20202020202020203C6F6D6764693A776179706F696E7420783D223432302E302220793D223136372E30223E3C2F6F6D6764693A776179706F696E743E0A20202020202020203C62706D6E64693A42504D4E4C6162656C3E0A202020202020202020203C6F6D6764633A426F756E6473206865696768743D2231382E30222077696474683D2233322E302220783D223533332E302220793D223236312E30223E3C2F6F6D6764633A426F756E64733E0A20202020202020203C2F62706D6E64693A42504D4E4C6162656C3E0A2020202020203C2F62706D6E64693A42504D4E456467653E0A202020203C2F62706D6E64693A42504D4E506C616E653E0A20203C2F62706D6E64693A42504D4E4469616772616D3E0A3C2F646566696E6974696F6E733E, '0');

-- ----------------------------
-- Table structure for act_ge_property
-- ----------------------------
DROP TABLE IF EXISTS `act_ge_property`;
CREATE TABLE `act_ge_property` (
  `NAME_` varchar(64) COLLATE utf8_bin NOT NULL DEFAULT '',
  `VALUE_` varchar(300) COLLATE utf8_bin DEFAULT NULL,
  `REV_` int(11) DEFAULT NULL,
  PRIMARY KEY (`NAME_`)
) ENGINE=InnoDB DEFAULT CHARSET=utf8 COLLATE=utf8_bin;

-- ----------------------------
-- Records of act_ge_property
-- ----------------------------
INSERT INTO `act_ge_property` VALUES ('next.dbid', '1801', '19');
INSERT INTO `act_ge_property` VALUES ('schema.history', 'create(5.13)', '1');
INSERT INTO `act_ge_property` VALUES ('schema.version', '5.13', '1');

-- ----------------------------
-- Table structure for act_hi_actinst
-- ----------------------------
DROP TABLE IF EXISTS `act_hi_actinst`;
CREATE TABLE `act_hi_actinst` (
  `ID_` varchar(64) COLLATE utf8_bin NOT NULL,
  `PROC_DEF_ID_` varchar(64) COLLATE utf8_bin NOT NULL,
  `PROC_INST_ID_` varchar(64) COLLATE utf8_bin NOT NULL,
  `EXECUTION_ID_` varchar(64) COLLATE utf8_bin NOT NULL,
  `ACT_ID_` varchar(255) COLLATE utf8_bin NOT NULL,
  `TASK_ID_` varchar(64) COLLATE utf8_bin DEFAULT NULL,
  `CALL_PROC_INST_ID_` varchar(64) COLLATE utf8_bin DEFAULT NULL,
  `ACT_NAME_` varchar(255) COLLATE utf8_bin DEFAULT NULL,
  `ACT_TYPE_` varchar(255) COLLATE utf8_bin NOT NULL,
  `ASSIGNEE_` varchar(64) COLLATE utf8_bin DEFAULT NULL,
  `START_TIME_` datetime NOT NULL,
  `END_TIME_` datetime DEFAULT NULL,
  `DURATION_` bigint(20) DEFAULT NULL,
  PRIMARY KEY (`ID_`),
  KEY `ACT_IDX_HI_ACT_INST_START` (`START_TIME_`),
  KEY `ACT_IDX_HI_ACT_INST_END` (`END_TIME_`),
  KEY `ACT_IDX_HI_ACT_INST_PROCINST` (`PROC_INST_ID_`,`ACT_ID_`),
  KEY `ACT_IDX_HI_ACT_INST_EXEC` (`EXECUTION_ID_`,`ACT_ID_`)
) ENGINE=InnoDB DEFAULT CHARSET=utf8 COLLATE=utf8_bin;

-- ----------------------------
-- Records of act_hi_actinst
-- ----------------------------
INSERT INTO `act_hi_actinst` VALUES ('1702', 'baoxiaoProcess:1:1604', '1701', '1701', 'startevent1', null, null, 'Start', 'startEvent', null, '2019-10-24 14:38:03', '2019-10-24 14:38:03', '11');
INSERT INTO `act_hi_actinst` VALUES ('1704', 'baoxiaoProcess:1:1604', '1701', '1701', 'usertask1', '1705', null, '', 'userTask', 'zhang', '2019-10-24 14:38:03', null, null);
INSERT INTO `act_hi_actinst` VALUES ('1708', 'baoxiaoProcess:1:1604', '1707', '1707', 'startevent1', null, null, 'Start', 'startEvent', null, '2019-10-24 14:38:20', '2019-10-24 14:38:20', '0');
INSERT INTO `act_hi_actinst` VALUES ('1710', 'baoxiaoProcess:1:1604', '1707', '1707', 'usertask1', '1711', null, '', 'userTask', 'zhang', '2019-10-24 14:38:20', null, null);
INSERT INTO `act_hi_actinst` VALUES ('1714', 'baoxiaoProcess:1:1604', '1713', '1713', 'startevent1', null, null, 'Start', 'startEvent', null, '2019-10-24 14:38:33', '2019-10-24 14:38:33', '0');
INSERT INTO `act_hi_actinst` VALUES ('1716', 'baoxiaoProcess:1:1604', '1713', '1713', 'usertask1', '1717', null, '', 'userTask', 'zhang', '2019-10-24 14:38:33', null, null);
INSERT INTO `act_hi_actinst` VALUES ('1720', 'baoxiaoProcess:1:1604', '1719', '1719', 'startevent1', null, null, 'Start', 'startEvent', null, '2019-10-24 14:42:32', '2019-10-24 14:42:32', '0');
INSERT INTO `act_hi_actinst` VALUES ('1722', 'baoxiaoProcess:1:1604', '1719', '1719', 'usertask1', '1723', null, '', 'userTask', 'zhang', '2019-10-24 14:42:32', '2019-10-24 14:42:51', '19908');
INSERT INTO `act_hi_actinst` VALUES ('1727', 'baoxiaoProcess:1:1604', '1719', '1719', 'usertask2', '1728', null, '', 'userTask', 'mike', '2019-10-24 14:42:51', '2019-10-24 14:43:11', '20913');
INSERT INTO `act_hi_actinst` VALUES ('1731', 'baoxiaoProcess:1:1604', '1719', '1719', 'usertask3', '1732', null, '', 'userTask', 'danny', '2019-10-24 14:43:11', '2019-10-24 14:43:31', '20381');
INSERT INTO `act_hi_actinst` VALUES ('1735', 'baoxiaoProcess:1:1604', '1719', '1719', 'usertask4', '1736', null, '', 'userTask', 'li', '2019-10-24 14:43:31', '2019-10-24 14:43:47', '16881');
INSERT INTO `act_hi_actinst` VALUES ('1739', 'baoxiaoProcess:1:1604', '1719', '1719', 'endevent1', null, null, 'End', 'endEvent', null, '2019-10-24 14:43:47', '2019-10-24 14:43:47', '0');

-- ----------------------------
-- Table structure for act_hi_attachment
-- ----------------------------
DROP TABLE IF EXISTS `act_hi_attachment`;
CREATE TABLE `act_hi_attachment` (
  `ID_` varchar(64) COLLATE utf8_bin NOT NULL,
  `REV_` int(11) DEFAULT NULL,
  `USER_ID_` varchar(255) COLLATE utf8_bin DEFAULT NULL,
  `NAME_` varchar(255) COLLATE utf8_bin DEFAULT NULL,
  `DESCRIPTION_` varchar(4000) COLLATE utf8_bin DEFAULT NULL,
  `TYPE_` varchar(255) COLLATE utf8_bin DEFAULT NULL,
  `TASK_ID_` varchar(64) COLLATE utf8_bin DEFAULT NULL,
  `PROC_INST_ID_` varchar(64) COLLATE utf8_bin DEFAULT NULL,
  `URL_` varchar(4000) COLLATE utf8_bin DEFAULT NULL,
  `CONTENT_ID_` varchar(64) COLLATE utf8_bin DEFAULT NULL,
  PRIMARY KEY (`ID_`)
) ENGINE=InnoDB DEFAULT CHARSET=utf8 COLLATE=utf8_bin;

-- ----------------------------
-- Records of act_hi_attachment
-- ----------------------------

-- ----------------------------
-- Table structure for act_hi_comment
-- ----------------------------
DROP TABLE IF EXISTS `act_hi_comment`;
CREATE TABLE `act_hi_comment` (
  `ID_` varchar(64) COLLATE utf8_bin NOT NULL,
  `TYPE_` varchar(255) COLLATE utf8_bin DEFAULT NULL,
  `TIME_` datetime NOT NULL,
  `USER_ID_` varchar(255) COLLATE utf8_bin DEFAULT NULL,
  `TASK_ID_` varchar(64) COLLATE utf8_bin DEFAULT NULL,
  `PROC_INST_ID_` varchar(64) COLLATE utf8_bin DEFAULT NULL,
  `ACTION_` varchar(255) COLLATE utf8_bin DEFAULT NULL,
  `MESSAGE_` varchar(4000) COLLATE utf8_bin DEFAULT NULL,
  `FULL_MSG_` longblob,
  PRIMARY KEY (`ID_`)
) ENGINE=InnoDB DEFAULT CHARSET=utf8 COLLATE=utf8_bin;

-- ----------------------------
-- Records of act_hi_comment
-- ----------------------------
INSERT INTO `act_hi_comment` VALUES ('1725', 'comment', '2019-10-24 14:42:51', 'zhang', '1723', '1719', 'AddComment', '', 0xE0BBE0BBE0BB);
INSERT INTO `act_hi_comment` VALUES ('1730', 'comment', '2019-10-24 14:43:11', 'mike', '1728', '1719', 'AddComment', 'okk', 0x6F6B6B);
INSERT INTO `act_hi_comment` VALUES ('1734', 'comment', '2019-10-24 14:43:31', 'danny', '1732', '1719', 'AddComment', 'okk', 0x6F6B6BB0AEB0B4);
INSERT INTO `act_hi_comment` VALUES ('1738', 'comment', '2019-10-24 14:43:47', 'li', '1736', '1719', 'AddComment', 'haode1', 0x68616F646531);

-- ----------------------------
-- Table structure for act_hi_detail
-- ----------------------------
DROP TABLE IF EXISTS `act_hi_detail`;
CREATE TABLE `act_hi_detail` (
  `ID_` varchar(64) COLLATE utf8_bin NOT NULL,
  `TYPE_` varchar(255) COLLATE utf8_bin NOT NULL,
  `PROC_INST_ID_` varchar(64) COLLATE utf8_bin DEFAULT NULL,
  `EXECUTION_ID_` varchar(64) COLLATE utf8_bin DEFAULT NULL,
  `TASK_ID_` varchar(64) COLLATE utf8_bin DEFAULT NULL,
  `ACT_INST_ID_` varchar(64) COLLATE utf8_bin DEFAULT NULL,
  `NAME_` varchar(255) COLLATE utf8_bin NOT NULL,
  `VAR_TYPE_` varchar(255) COLLATE utf8_bin DEFAULT NULL,
  `REV_` int(11) DEFAULT NULL,
  `TIME_` datetime NOT NULL,
  `BYTEARRAY_ID_` varchar(64) COLLATE utf8_bin DEFAULT NULL,
  `DOUBLE_` double DEFAULT NULL,
  `LONG_` bigint(20) DEFAULT NULL,
  `TEXT_` varchar(4000) COLLATE utf8_bin DEFAULT NULL,
  `TEXT2_` varchar(4000) COLLATE utf8_bin DEFAULT NULL,
  PRIMARY KEY (`ID_`),
  KEY `ACT_IDX_HI_DETAIL_PROC_INST` (`PROC_INST_ID_`),
  KEY `ACT_IDX_HI_DETAIL_ACT_INST` (`ACT_INST_ID_`),
  KEY `ACT_IDX_HI_DETAIL_TIME` (`TIME_`),
  KEY `ACT_IDX_HI_DETAIL_NAME` (`NAME_`),
  KEY `ACT_IDX_HI_DETAIL_TASK_ID` (`TASK_ID_`)
) ENGINE=InnoDB DEFAULT CHARSET=utf8 COLLATE=utf8_bin;

-- ----------------------------
-- Records of act_hi_detail
-- ----------------------------

-- ----------------------------
-- Table structure for act_hi_identitylink
-- ----------------------------
DROP TABLE IF EXISTS `act_hi_identitylink`;
CREATE TABLE `act_hi_identitylink` (
  `ID_` varchar(64) COLLATE utf8_bin NOT NULL DEFAULT '',
  `GROUP_ID_` varchar(255) COLLATE utf8_bin DEFAULT NULL,
  `TYPE_` varchar(255) COLLATE utf8_bin DEFAULT NULL,
  `USER_ID_` varchar(255) COLLATE utf8_bin DEFAULT NULL,
  `TASK_ID_` varchar(64) COLLATE utf8_bin DEFAULT NULL,
  `PROC_INST_ID_` varchar(64) COLLATE utf8_bin DEFAULT NULL,
  PRIMARY KEY (`ID_`),
  KEY `ACT_IDX_HI_IDENT_LNK_USER` (`USER_ID_`),
  KEY `ACT_IDX_HI_IDENT_LNK_TASK` (`TASK_ID_`),
  KEY `ACT_IDX_HI_IDENT_LNK_PROCINST` (`PROC_INST_ID_`)
) ENGINE=InnoDB DEFAULT CHARSET=utf8 COLLATE=utf8_bin;

-- ----------------------------
-- Records of act_hi_identitylink
-- ----------------------------
INSERT INTO `act_hi_identitylink` VALUES ('1706', null, 'participant', 'zhang', null, '1701');
INSERT INTO `act_hi_identitylink` VALUES ('1712', null, 'participant', 'zhang', null, '1707');
INSERT INTO `act_hi_identitylink` VALUES ('1718', null, 'participant', 'zhang', null, '1713');
INSERT INTO `act_hi_identitylink` VALUES ('1724', null, 'participant', 'zhang', null, '1719');
INSERT INTO `act_hi_identitylink` VALUES ('1729', null, 'participant', 'mike', null, '1719');
INSERT INTO `act_hi_identitylink` VALUES ('1733', null, 'participant', 'danny', null, '1719');
INSERT INTO `act_hi_identitylink` VALUES ('1737', null, 'participant', 'li', null, '1719');

-- ----------------------------
-- Table structure for act_hi_procinst
-- ----------------------------
DROP TABLE IF EXISTS `act_hi_procinst`;
CREATE TABLE `act_hi_procinst` (
  `ID_` varchar(64) COLLATE utf8_bin NOT NULL,
  `PROC_INST_ID_` varchar(64) COLLATE utf8_bin NOT NULL,
  `BUSINESS_KEY_` varchar(255) COLLATE utf8_bin DEFAULT NULL,
  `PROC_DEF_ID_` varchar(64) COLLATE utf8_bin NOT NULL,
  `START_TIME_` datetime NOT NULL,
  `END_TIME_` datetime DEFAULT NULL,
  `DURATION_` bigint(20) DEFAULT NULL,
  `START_USER_ID_` varchar(255) COLLATE utf8_bin DEFAULT NULL,
  `START_ACT_ID_` varchar(255) COLLATE utf8_bin DEFAULT NULL,
  `END_ACT_ID_` varchar(255) COLLATE utf8_bin DEFAULT NULL,
  `SUPER_PROCESS_INSTANCE_ID_` varchar(64) COLLATE utf8_bin DEFAULT NULL,
  `DELETE_REASON_` varchar(4000) COLLATE utf8_bin DEFAULT NULL,
  PRIMARY KEY (`ID_`),
  UNIQUE KEY `PROC_INST_ID_` (`PROC_INST_ID_`),
  UNIQUE KEY `ACT_UNIQ_HI_BUS_KEY` (`PROC_DEF_ID_`,`BUSINESS_KEY_`),
  KEY `ACT_IDX_HI_PRO_INST_END` (`END_TIME_`),
  KEY `ACT_IDX_HI_PRO_I_BUSKEY` (`BUSINESS_KEY_`)
) ENGINE=InnoDB DEFAULT CHARSET=utf8 COLLATE=utf8_bin;

-- ----------------------------
-- Records of act_hi_procinst
-- ----------------------------
INSERT INTO `act_hi_procinst` VALUES ('1701', '1701', 'baoxiaoProcess.24', 'baoxiaoProcess:1:1604', '2019-10-24 14:38:03', null, null, null, 'startevent1', null, null, null);
INSERT INTO `act_hi_procinst` VALUES ('1707', '1707', 'baoxiaoProcess.25', 'baoxiaoProcess:1:1604', '2019-10-24 14:38:20', null, null, null, 'startevent1', null, null, null);
INSERT INTO `act_hi_procinst` VALUES ('1713', '1713', 'baoxiaoProcess.26', 'baoxiaoProcess:1:1604', '2019-10-24 14:38:33', null, null, null, 'startevent1', null, null, null);
INSERT INTO `act_hi_procinst` VALUES ('1719', '1719', 'baoxiaoProcess.27', 'baoxiaoProcess:1:1604', '2019-10-24 14:42:32', '2019-10-24 14:43:47', '75882', null, 'startevent1', 'endevent1', null, null);

-- ----------------------------
-- Table structure for act_hi_taskinst
-- ----------------------------
DROP TABLE IF EXISTS `act_hi_taskinst`;
CREATE TABLE `act_hi_taskinst` (
  `ID_` varchar(64) COLLATE utf8_bin NOT NULL,
  `PROC_DEF_ID_` varchar(64) COLLATE utf8_bin DEFAULT NULL,
  `TASK_DEF_KEY_` varchar(255) COLLATE utf8_bin DEFAULT NULL,
  `PROC_INST_ID_` varchar(64) COLLATE utf8_bin DEFAULT NULL,
  `EXECUTION_ID_` varchar(64) COLLATE utf8_bin DEFAULT NULL,
  `NAME_` varchar(255) COLLATE utf8_bin DEFAULT NULL,
  `PARENT_TASK_ID_` varchar(64) COLLATE utf8_bin DEFAULT NULL,
  `DESCRIPTION_` varchar(4000) COLLATE utf8_bin DEFAULT NULL,
  `OWNER_` varchar(255) COLLATE utf8_bin DEFAULT NULL,
  `ASSIGNEE_` varchar(255) COLLATE utf8_bin DEFAULT NULL,
  `START_TIME_` datetime NOT NULL,
  `CLAIM_TIME_` datetime DEFAULT NULL,
  `END_TIME_` datetime DEFAULT NULL,
  `DURATION_` bigint(20) DEFAULT NULL,
  `DELETE_REASON_` varchar(4000) COLLATE utf8_bin DEFAULT NULL,
  `PRIORITY_` int(11) DEFAULT NULL,
  `DUE_DATE_` datetime DEFAULT NULL,
  `FORM_KEY_` varchar(255) COLLATE utf8_bin DEFAULT NULL,
  PRIMARY KEY (`ID_`)
) ENGINE=InnoDB DEFAULT CHARSET=utf8 COLLATE=utf8_bin;

-- ----------------------------
-- Records of act_hi_taskinst
-- ----------------------------
INSERT INTO `act_hi_taskinst` VALUES ('1705', 'baoxiaoProcess:1:1604', 'usertask1', '1701', '1701', '', null, null, null, 'zhang', '2019-10-24 14:38:03', null, null, null, null, '50', null, null);
INSERT INTO `act_hi_taskinst` VALUES ('1711', 'baoxiaoProcess:1:1604', 'usertask1', '1707', '1707', '', null, null, null, 'zhang', '2019-10-24 14:38:20', null, null, null, null, '50', null, null);
INSERT INTO `act_hi_taskinst` VALUES ('1717', 'baoxiaoProcess:1:1604', 'usertask1', '1713', '1713', '', null, null, null, 'zhang', '2019-10-24 14:38:33', null, null, null, null, '50', null, null);
INSERT INTO `act_hi_taskinst` VALUES ('1723', 'baoxiaoProcess:1:1604', 'usertask1', '1719', '1719', '', null, null, null, 'zhang', '2019-10-24 14:42:32', null, '2019-10-24 14:42:51', '19903', 'completed', '50', null, null);
INSERT INTO `act_hi_taskinst` VALUES ('1728', 'baoxiaoProcess:1:1604', 'usertask2', '1719', '1719', '', null, null, null, 'mike', '2019-10-24 14:42:51', null, '2019-10-24 14:43:11', '20910', 'completed', '50', null, null);
INSERT INTO `act_hi_taskinst` VALUES ('1732', 'baoxiaoProcess:1:1604', 'usertask3', '1719', '1719', '', null, null, null, 'danny', '2019-10-24 14:43:11', null, '2019-10-24 14:43:31', '20379', 'completed', '50', null, null);
INSERT INTO `act_hi_taskinst` VALUES ('1736', 'baoxiaoProcess:1:1604', 'usertask4', '1719', '1719', '', null, null, null, 'li', '2019-10-24 14:43:31', null, '2019-10-24 14:43:47', '16880', 'completed', '50', null, null);

-- ----------------------------
-- Table structure for act_hi_varinst
-- ----------------------------
DROP TABLE IF EXISTS `act_hi_varinst`;
CREATE TABLE `act_hi_varinst` (
  `ID_` varchar(64) COLLATE utf8_bin NOT NULL,
  `PROC_INST_ID_` varchar(64) COLLATE utf8_bin DEFAULT NULL,
  `EXECUTION_ID_` varchar(64) COLLATE utf8_bin DEFAULT NULL,
  `TASK_ID_` varchar(64) COLLATE utf8_bin DEFAULT NULL,
  `NAME_` varchar(255) COLLATE utf8_bin NOT NULL,
  `VAR_TYPE_` varchar(100) COLLATE utf8_bin DEFAULT NULL,
  `REV_` int(11) DEFAULT NULL,
  `BYTEARRAY_ID_` varchar(64) COLLATE utf8_bin DEFAULT NULL,
  `DOUBLE_` double DEFAULT NULL,
  `LONG_` bigint(20) DEFAULT NULL,
  `TEXT_` varchar(4000) COLLATE utf8_bin DEFAULT NULL,
  `TEXT2_` varchar(4000) COLLATE utf8_bin DEFAULT NULL,
  PRIMARY KEY (`ID_`),
  KEY `ACT_IDX_HI_PROCVAR_PROC_INST` (`PROC_INST_ID_`),
  KEY `ACT_IDX_HI_PROCVAR_NAME_TYPE` (`NAME_`,`VAR_TYPE_`)
) ENGINE=InnoDB DEFAULT CHARSET=utf8 COLLATE=utf8_bin;

-- ----------------------------
-- Records of act_hi_varinst
-- ----------------------------
INSERT INTO `act_hi_varinst` VALUES ('1703', '1701', '1701', null, 'inputUser', 'string', '0', null, null, null, 'zhang', null);
INSERT INTO `act_hi_varinst` VALUES ('1709', '1707', '1707', null, 'inputUser', 'string', '0', null, null, null, 'zhang', null);
INSERT INTO `act_hi_varinst` VALUES ('1715', '1713', '1713', null, 'inputUser', 'string', '0', null, null, null, 'zhang', null);
INSERT INTO `act_hi_varinst` VALUES ('1721', '1719', '1719', null, 'inputUser', 'string', '0', null, null, null, 'zhang', null);
INSERT INTO `act_hi_varinst` VALUES ('1726', '1719', '1719', null, 'message', 'string', '3', null, null, null, '', null);

-- ----------------------------
-- Table structure for act_id_group
-- ----------------------------
DROP TABLE IF EXISTS `act_id_group`;
CREATE TABLE `act_id_group` (
  `ID_` varchar(64) COLLATE utf8_bin NOT NULL DEFAULT '',
  `REV_` int(11) DEFAULT NULL,
  `NAME_` varchar(255) COLLATE utf8_bin DEFAULT NULL,
  `TYPE_` varchar(255) COLLATE utf8_bin DEFAULT NULL,
  PRIMARY KEY (`ID_`)
) ENGINE=InnoDB DEFAULT CHARSET=utf8 COLLATE=utf8_bin;

-- ----------------------------
-- Records of act_id_group
-- ----------------------------

-- ----------------------------
-- Table structure for act_id_info
-- ----------------------------
DROP TABLE IF EXISTS `act_id_info`;
CREATE TABLE `act_id_info` (
  `ID_` varchar(64) COLLATE utf8_bin NOT NULL DEFAULT '',
  `REV_` int(11) DEFAULT NULL,
  `USER_ID_` varchar(64) COLLATE utf8_bin DEFAULT NULL,
  `TYPE_` varchar(64) COLLATE utf8_bin DEFAULT NULL,
  `KEY_` varchar(255) COLLATE utf8_bin DEFAULT NULL,
  `VALUE_` varchar(255) COLLATE utf8_bin DEFAULT NULL,
  `PASSWORD_` longblob,
  `PARENT_ID_` varchar(255) COLLATE utf8_bin DEFAULT NULL,
  PRIMARY KEY (`ID_`)
) ENGINE=InnoDB DEFAULT CHARSET=utf8 COLLATE=utf8_bin;

-- ----------------------------
-- Records of act_id_info
-- ----------------------------

-- ----------------------------
-- Table structure for act_id_membership
-- ----------------------------
DROP TABLE IF EXISTS `act_id_membership`;
CREATE TABLE `act_id_membership` (
  `USER_ID_` varchar(64) COLLATE utf8_bin NOT NULL DEFAULT '',
  `GROUP_ID_` varchar(64) COLLATE utf8_bin NOT NULL DEFAULT '',
  PRIMARY KEY (`USER_ID_`,`GROUP_ID_`),
  KEY `ACT_FK_MEMB_GROUP` (`GROUP_ID_`),
  CONSTRAINT `ACT_FK_MEMB_GROUP` FOREIGN KEY (`GROUP_ID_`) REFERENCES `act_id_group` (`ID_`),
  CONSTRAINT `ACT_FK_MEMB_USER` FOREIGN KEY (`USER_ID_`) REFERENCES `act_id_user` (`ID_`)
) ENGINE=InnoDB DEFAULT CHARSET=utf8 COLLATE=utf8_bin;

-- ----------------------------
-- Records of act_id_membership
-- ----------------------------

-- ----------------------------
-- Table structure for act_id_user
-- ----------------------------
DROP TABLE IF EXISTS `act_id_user`;
CREATE TABLE `act_id_user` (
  `ID_` varchar(64) COLLATE utf8_bin NOT NULL DEFAULT '',
  `REV_` int(11) DEFAULT NULL,
  `FIRST_` varchar(255) COLLATE utf8_bin DEFAULT NULL,
  `LAST_` varchar(255) COLLATE utf8_bin DEFAULT NULL,
  `EMAIL_` varchar(255) COLLATE utf8_bin DEFAULT NULL,
  `PWD_` varchar(255) COLLATE utf8_bin DEFAULT NULL,
  `PICTURE_ID_` varchar(64) COLLATE utf8_bin DEFAULT NULL,
  PRIMARY KEY (`ID_`)
) ENGINE=InnoDB DEFAULT CHARSET=utf8 COLLATE=utf8_bin;

-- ----------------------------
-- Records of act_id_user
-- ----------------------------

-- ----------------------------
-- Table structure for act_re_deployment
-- ----------------------------
DROP TABLE IF EXISTS `act_re_deployment`;
CREATE TABLE `act_re_deployment` (
  `ID_` varchar(64) COLLATE utf8_bin NOT NULL DEFAULT '',
  `NAME_` varchar(255) COLLATE utf8_bin DEFAULT NULL,
  `CATEGORY_` varchar(255) COLLATE utf8_bin DEFAULT NULL,
  `DEPLOY_TIME_` timestamp NOT NULL DEFAULT CURRENT_TIMESTAMP ON UPDATE CURRENT_TIMESTAMP,
  PRIMARY KEY (`ID_`)
) ENGINE=InnoDB DEFAULT CHARSET=utf8 COLLATE=utf8_bin;

-- ----------------------------
-- Records of act_re_deployment
-- ----------------------------
INSERT INTO `act_re_deployment` VALUES ('1601', '', null, '2019-10-24 14:23:37');

-- ----------------------------
-- Table structure for act_re_model
-- ----------------------------
DROP TABLE IF EXISTS `act_re_model`;
CREATE TABLE `act_re_model` (
  `ID_` varchar(64) COLLATE utf8_bin NOT NULL,
  `REV_` int(11) DEFAULT NULL,
  `NAME_` varchar(255) COLLATE utf8_bin DEFAULT NULL,
  `KEY_` varchar(255) COLLATE utf8_bin DEFAULT NULL,
  `CATEGORY_` varchar(255) COLLATE utf8_bin DEFAULT NULL,
  `CREATE_TIME_` timestamp NULL DEFAULT NULL,
  `LAST_UPDATE_TIME_` timestamp NULL DEFAULT NULL,
  `VERSION_` int(11) DEFAULT NULL,
  `META_INFO_` varchar(4000) COLLATE utf8_bin DEFAULT NULL,
  `DEPLOYMENT_ID_` varchar(64) COLLATE utf8_bin DEFAULT NULL,
  `EDITOR_SOURCE_VALUE_ID_` varchar(64) COLLATE utf8_bin DEFAULT NULL,
  `EDITOR_SOURCE_EXTRA_VALUE_ID_` varchar(64) COLLATE utf8_bin DEFAULT NULL,
  PRIMARY KEY (`ID_`),
  KEY `ACT_FK_MODEL_SOURCE` (`EDITOR_SOURCE_VALUE_ID_`),
  KEY `ACT_FK_MODEL_SOURCE_EXTRA` (`EDITOR_SOURCE_EXTRA_VALUE_ID_`),
  KEY `ACT_FK_MODEL_DEPLOYMENT` (`DEPLOYMENT_ID_`),
  CONSTRAINT `ACT_FK_MODEL_DEPLOYMENT` FOREIGN KEY (`DEPLOYMENT_ID_`) REFERENCES `act_re_deployment` (`ID_`),
  CONSTRAINT `ACT_FK_MODEL_SOURCE` FOREIGN KEY (`EDITOR_SOURCE_VALUE_ID_`) REFERENCES `act_ge_bytearray` (`ID_`),
  CONSTRAINT `ACT_FK_MODEL_SOURCE_EXTRA` FOREIGN KEY (`EDITOR_SOURCE_EXTRA_VALUE_ID_`) REFERENCES `act_ge_bytearray` (`ID_`)
) ENGINE=InnoDB DEFAULT CHARSET=utf8 COLLATE=utf8_bin;

-- ----------------------------
-- Records of act_re_model
-- ----------------------------

-- ----------------------------
-- Table structure for act_re_procdef
-- ----------------------------
DROP TABLE IF EXISTS `act_re_procdef`;
CREATE TABLE `act_re_procdef` (
  `ID_` varchar(64) COLLATE utf8_bin NOT NULL,
  `REV_` int(11) DEFAULT NULL,
  `CATEGORY_` varchar(255) COLLATE utf8_bin DEFAULT NULL,
  `NAME_` varchar(255) COLLATE utf8_bin DEFAULT NULL,
  `KEY_` varchar(255) COLLATE utf8_bin NOT NULL,
  `VERSION_` int(11) NOT NULL,
  `DEPLOYMENT_ID_` varchar(64) COLLATE utf8_bin DEFAULT NULL,
  `RESOURCE_NAME_` varchar(4000) COLLATE utf8_bin DEFAULT NULL,
  `DGRM_RESOURCE_NAME_` varchar(4000) COLLATE utf8_bin DEFAULT NULL,
  `DESCRIPTION_` varchar(4000) COLLATE utf8_bin DEFAULT NULL,
  `HAS_START_FORM_KEY_` tinyint(4) DEFAULT NULL,
  `SUSPENSION_STATE_` int(11) DEFAULT NULL,
  PRIMARY KEY (`ID_`),
  UNIQUE KEY `ACT_UNIQ_PROCDEF` (`KEY_`,`VERSION_`)
) ENGINE=InnoDB DEFAULT CHARSET=utf8 COLLATE=utf8_bin;

-- ----------------------------
-- Records of act_re_procdef
-- ----------------------------
INSERT INTO `act_re_procdef` VALUES ('baoxiaoProcess:1:1604', '1', 'http://www.activiti.org/test', 'My process', 'baoxiaoProcess', '1', '1601', 'baoxiaoProcess.bpmn', 'baoxiaoProcess.png', null, '0', '1');

-- ----------------------------
-- Table structure for act_ru_event_subscr
-- ----------------------------
DROP TABLE IF EXISTS `act_ru_event_subscr`;
CREATE TABLE `act_ru_event_subscr` (
  `ID_` varchar(64) COLLATE utf8_bin NOT NULL,
  `REV_` int(11) DEFAULT NULL,
  `EVENT_TYPE_` varchar(255) COLLATE utf8_bin NOT NULL,
  `EVENT_NAME_` varchar(255) COLLATE utf8_bin DEFAULT NULL,
  `EXECUTION_ID_` varchar(64) COLLATE utf8_bin DEFAULT NULL,
  `PROC_INST_ID_` varchar(64) COLLATE utf8_bin DEFAULT NULL,
  `ACTIVITY_ID_` varchar(64) COLLATE utf8_bin DEFAULT NULL,
  `CONFIGURATION_` varchar(255) COLLATE utf8_bin DEFAULT NULL,
  `CREATED_` timestamp NOT NULL DEFAULT CURRENT_TIMESTAMP ON UPDATE CURRENT_TIMESTAMP,
  PRIMARY KEY (`ID_`),
  KEY `ACT_IDX_EVENT_SUBSCR_CONFIG_` (`CONFIGURATION_`),
  KEY `ACT_FK_EVENT_EXEC` (`EXECUTION_ID_`),
  CONSTRAINT `ACT_FK_EVENT_EXEC` FOREIGN KEY (`EXECUTION_ID_`) REFERENCES `act_ru_execution` (`ID_`)
) ENGINE=InnoDB DEFAULT CHARSET=utf8 COLLATE=utf8_bin;

-- ----------------------------
-- Records of act_ru_event_subscr
-- ----------------------------

-- ----------------------------
-- Table structure for act_ru_execution
-- ----------------------------
DROP TABLE IF EXISTS `act_ru_execution`;
CREATE TABLE `act_ru_execution` (
  `ID_` varchar(64) COLLATE utf8_bin NOT NULL DEFAULT '',
  `REV_` int(11) DEFAULT NULL,
  `PROC_INST_ID_` varchar(64) COLLATE utf8_bin DEFAULT NULL,
  `BUSINESS_KEY_` varchar(255) COLLATE utf8_bin DEFAULT NULL,
  `PARENT_ID_` varchar(64) COLLATE utf8_bin DEFAULT NULL,
  `PROC_DEF_ID_` varchar(64) COLLATE utf8_bin DEFAULT NULL,
  `SUPER_EXEC_` varchar(64) COLLATE utf8_bin DEFAULT NULL,
  `ACT_ID_` varchar(255) COLLATE utf8_bin DEFAULT NULL,
  `IS_ACTIVE_` tinyint(4) DEFAULT NULL,
  `IS_CONCURRENT_` tinyint(4) DEFAULT NULL,
  `IS_SCOPE_` tinyint(4) DEFAULT NULL,
  `IS_EVENT_SCOPE_` tinyint(4) DEFAULT NULL,
  `SUSPENSION_STATE_` int(11) DEFAULT NULL,
  `CACHED_ENT_STATE_` int(11) DEFAULT NULL,
  PRIMARY KEY (`ID_`),
  UNIQUE KEY `ACT_UNIQ_RU_BUS_KEY` (`PROC_DEF_ID_`,`BUSINESS_KEY_`),
  KEY `ACT_IDX_EXEC_BUSKEY` (`BUSINESS_KEY_`),
  KEY `ACT_FK_EXE_PROCINST` (`PROC_INST_ID_`),
  KEY `ACT_FK_EXE_PARENT` (`PARENT_ID_`),
  KEY `ACT_FK_EXE_SUPER` (`SUPER_EXEC_`),
  CONSTRAINT `ACT_FK_EXE_PARENT` FOREIGN KEY (`PARENT_ID_`) REFERENCES `act_ru_execution` (`ID_`),
  CONSTRAINT `ACT_FK_EXE_PROCDEF` FOREIGN KEY (`PROC_DEF_ID_`) REFERENCES `act_re_procdef` (`ID_`),
  CONSTRAINT `ACT_FK_EXE_PROCINST` FOREIGN KEY (`PROC_INST_ID_`) REFERENCES `act_ru_execution` (`ID_`) ON DELETE CASCADE ON UPDATE CASCADE,
  CONSTRAINT `ACT_FK_EXE_SUPER` FOREIGN KEY (`SUPER_EXEC_`) REFERENCES `act_ru_execution` (`ID_`)
) ENGINE=InnoDB DEFAULT CHARSET=utf8 COLLATE=utf8_bin;

-- ----------------------------
-- Records of act_ru_execution
-- ----------------------------
INSERT INTO `act_ru_execution` VALUES ('1701', '1', '1701', 'baoxiaoProcess.24', null, 'baoxiaoProcess:1:1604', null, 'usertask1', '1', '0', '1', '0', '1', '2');
INSERT INTO `act_ru_execution` VALUES ('1707', '1', '1707', 'baoxiaoProcess.25', null, 'baoxiaoProcess:1:1604', null, 'usertask1', '1', '0', '1', '0', '1', '2');
INSERT INTO `act_ru_execution` VALUES ('1713', '1', '1713', 'baoxiaoProcess.26', null, 'baoxiaoProcess:1:1604', null, 'usertask1', '1', '0', '1', '0', '1', '2');

-- ----------------------------
-- Table structure for act_ru_identitylink
-- ----------------------------
DROP TABLE IF EXISTS `act_ru_identitylink`;
CREATE TABLE `act_ru_identitylink` (
  `ID_` varchar(64) COLLATE utf8_bin NOT NULL DEFAULT '',
  `REV_` int(11) DEFAULT NULL,
  `GROUP_ID_` varchar(255) COLLATE utf8_bin DEFAULT NULL,
  `TYPE_` varchar(255) COLLATE utf8_bin DEFAULT NULL,
  `USER_ID_` varchar(255) COLLATE utf8_bin DEFAULT NULL,
  `TASK_ID_` varchar(64) COLLATE utf8_bin DEFAULT NULL,
  `PROC_INST_ID_` varchar(64) COLLATE utf8_bin DEFAULT NULL,
  `PROC_DEF_ID_` varchar(64) COLLATE utf8_bin DEFAULT NULL,
  PRIMARY KEY (`ID_`),
  KEY `ACT_IDX_IDENT_LNK_USER` (`USER_ID_`),
  KEY `ACT_IDX_IDENT_LNK_GROUP` (`GROUP_ID_`),
  KEY `ACT_IDX_ATHRZ_PROCEDEF` (`PROC_DEF_ID_`),
  KEY `ACT_FK_TSKASS_TASK` (`TASK_ID_`),
  KEY `ACT_FK_IDL_PROCINST` (`PROC_INST_ID_`),
  CONSTRAINT `ACT_FK_ATHRZ_PROCEDEF` FOREIGN KEY (`PROC_DEF_ID_`) REFERENCES `act_re_procdef` (`ID_`),
  CONSTRAINT `ACT_FK_IDL_PROCINST` FOREIGN KEY (`PROC_INST_ID_`) REFERENCES `act_ru_execution` (`ID_`),
  CONSTRAINT `ACT_FK_TSKASS_TASK` FOREIGN KEY (`TASK_ID_`) REFERENCES `act_ru_task` (`ID_`)
) ENGINE=InnoDB DEFAULT CHARSET=utf8 COLLATE=utf8_bin;

-- ----------------------------
-- Records of act_ru_identitylink
-- ----------------------------
INSERT INTO `act_ru_identitylink` VALUES ('1706', '1', null, 'participant', 'zhang', null, '1701', null);
INSERT INTO `act_ru_identitylink` VALUES ('1712', '1', null, 'participant', 'zhang', null, '1707', null);
INSERT INTO `act_ru_identitylink` VALUES ('1718', '1', null, 'participant', 'zhang', null, '1713', null);

-- ----------------------------
-- Table structure for act_ru_job
-- ----------------------------
DROP TABLE IF EXISTS `act_ru_job`;
CREATE TABLE `act_ru_job` (
  `ID_` varchar(64) COLLATE utf8_bin NOT NULL,
  `REV_` int(11) DEFAULT NULL,
  `TYPE_` varchar(255) COLLATE utf8_bin NOT NULL,
  `LOCK_EXP_TIME_` timestamp NULL DEFAULT NULL,
  `LOCK_OWNER_` varchar(255) COLLATE utf8_bin DEFAULT NULL,
  `EXCLUSIVE_` tinyint(1) DEFAULT NULL,
  `EXECUTION_ID_` varchar(64) COLLATE utf8_bin DEFAULT NULL,
  `PROCESS_INSTANCE_ID_` varchar(64) COLLATE utf8_bin DEFAULT NULL,
  `PROC_DEF_ID_` varchar(64) COLLATE utf8_bin DEFAULT NULL,
  `RETRIES_` int(11) DEFAULT NULL,
  `EXCEPTION_STACK_ID_` varchar(64) COLLATE utf8_bin DEFAULT NULL,
  `EXCEPTION_MSG_` varchar(4000) COLLATE utf8_bin DEFAULT NULL,
  `DUEDATE_` timestamp NULL DEFAULT NULL,
  `REPEAT_` varchar(255) COLLATE utf8_bin DEFAULT NULL,
  `HANDLER_TYPE_` varchar(255) COLLATE utf8_bin DEFAULT NULL,
  `HANDLER_CFG_` varchar(4000) COLLATE utf8_bin DEFAULT NULL,
  PRIMARY KEY (`ID_`),
  KEY `ACT_FK_JOB_EXCEPTION` (`EXCEPTION_STACK_ID_`),
  CONSTRAINT `ACT_FK_JOB_EXCEPTION` FOREIGN KEY (`EXCEPTION_STACK_ID_`) REFERENCES `act_ge_bytearray` (`ID_`)
) ENGINE=InnoDB DEFAULT CHARSET=utf8 COLLATE=utf8_bin;

-- ----------------------------
-- Records of act_ru_job
-- ----------------------------

-- ----------------------------
-- Table structure for act_ru_task
-- ----------------------------
DROP TABLE IF EXISTS `act_ru_task`;
CREATE TABLE `act_ru_task` (
  `ID_` varchar(64) COLLATE utf8_bin NOT NULL DEFAULT '',
  `REV_` int(11) DEFAULT NULL,
  `EXECUTION_ID_` varchar(64) COLLATE utf8_bin DEFAULT NULL,
  `PROC_INST_ID_` varchar(64) COLLATE utf8_bin DEFAULT NULL,
  `PROC_DEF_ID_` varchar(64) COLLATE utf8_bin DEFAULT NULL,
  `NAME_` varchar(255) COLLATE utf8_bin DEFAULT NULL,
  `PARENT_TASK_ID_` varchar(64) COLLATE utf8_bin DEFAULT NULL,
  `DESCRIPTION_` varchar(4000) COLLATE utf8_bin DEFAULT NULL,
  `TASK_DEF_KEY_` varchar(255) COLLATE utf8_bin DEFAULT NULL,
  `OWNER_` varchar(255) COLLATE utf8_bin DEFAULT NULL,
  `ASSIGNEE_` varchar(255) COLLATE utf8_bin DEFAULT NULL,
  `DELEGATION_` varchar(64) COLLATE utf8_bin DEFAULT NULL,
  `PRIORITY_` int(11) DEFAULT NULL,
  `CREATE_TIME_` timestamp NOT NULL DEFAULT CURRENT_TIMESTAMP ON UPDATE CURRENT_TIMESTAMP,
  `DUE_DATE_` datetime DEFAULT NULL,
  `SUSPENSION_STATE_` int(11) DEFAULT NULL,
  PRIMARY KEY (`ID_`),
  KEY `ACT_IDX_TASK_CREATE` (`CREATE_TIME_`),
  KEY `ACT_FK_TASK_EXE` (`EXECUTION_ID_`),
  KEY `ACT_FK_TASK_PROCINST` (`PROC_INST_ID_`),
  KEY `ACT_FK_TASK_PROCDEF` (`PROC_DEF_ID_`),
  CONSTRAINT `ACT_FK_TASK_EXE` FOREIGN KEY (`EXECUTION_ID_`) REFERENCES `act_ru_execution` (`ID_`),
  CONSTRAINT `ACT_FK_TASK_PROCDEF` FOREIGN KEY (`PROC_DEF_ID_`) REFERENCES `act_re_procdef` (`ID_`),
  CONSTRAINT `ACT_FK_TASK_PROCINST` FOREIGN KEY (`PROC_INST_ID_`) REFERENCES `act_ru_execution` (`ID_`)
) ENGINE=InnoDB DEFAULT CHARSET=utf8 COLLATE=utf8_bin;

-- ----------------------------
-- Records of act_ru_task
-- ----------------------------
INSERT INTO `act_ru_task` VALUES ('1705', '1', '1701', '1701', 'baoxiaoProcess:1:1604', '', null, null, 'usertask1', null, 'zhang', null, '50', '2019-10-24 14:38:03', null, '1');
INSERT INTO `act_ru_task` VALUES ('1711', '1', '1707', '1707', 'baoxiaoProcess:1:1604', '', null, null, 'usertask1', null, 'zhang', null, '50', '2019-10-24 14:38:20', null, '1');
INSERT INTO `act_ru_task` VALUES ('1717', '1', '1713', '1713', 'baoxiaoProcess:1:1604', '', null, null, 'usertask1', null, 'zhang', null, '50', '2019-10-24 14:38:33', null, '1');

-- ----------------------------
-- Table structure for act_ru_variable
-- ----------------------------
DROP TABLE IF EXISTS `act_ru_variable`;
CREATE TABLE `act_ru_variable` (
  `ID_` varchar(64) COLLATE utf8_bin NOT NULL,
  `REV_` int(11) DEFAULT NULL,
  `TYPE_` varchar(255) COLLATE utf8_bin NOT NULL,
  `NAME_` varchar(255) COLLATE utf8_bin NOT NULL,
  `EXECUTION_ID_` varchar(64) COLLATE utf8_bin DEFAULT NULL,
  `PROC_INST_ID_` varchar(64) COLLATE utf8_bin DEFAULT NULL,
  `TASK_ID_` varchar(64) COLLATE utf8_bin DEFAULT NULL,
  `BYTEARRAY_ID_` varchar(64) COLLATE utf8_bin DEFAULT NULL,
  `DOUBLE_` double DEFAULT NULL,
  `LONG_` bigint(20) DEFAULT NULL,
  `TEXT_` varchar(4000) COLLATE utf8_bin DEFAULT NULL,
  `TEXT2_` varchar(4000) COLLATE utf8_bin DEFAULT NULL,
  PRIMARY KEY (`ID_`),
  KEY `ACT_IDX_VARIABLE_TASK_ID` (`TASK_ID_`),
  KEY `ACT_FK_VAR_EXE` (`EXECUTION_ID_`),
  KEY `ACT_FK_VAR_PROCINST` (`PROC_INST_ID_`),
  KEY `ACT_FK_VAR_BYTEARRAY` (`BYTEARRAY_ID_`),
  CONSTRAINT `ACT_FK_VAR_BYTEARRAY` FOREIGN KEY (`BYTEARRAY_ID_`) REFERENCES `act_ge_bytearray` (`ID_`),
  CONSTRAINT `ACT_FK_VAR_EXE` FOREIGN KEY (`EXECUTION_ID_`) REFERENCES `act_ru_execution` (`ID_`),
  CONSTRAINT `ACT_FK_VAR_PROCINST` FOREIGN KEY (`PROC_INST_ID_`) REFERENCES `act_ru_execution` (`ID_`)
) ENGINE=InnoDB DEFAULT CHARSET=utf8 COLLATE=utf8_bin;

-- ----------------------------
-- Records of act_ru_variable
-- ----------------------------
INSERT INTO `act_ru_variable` VALUES ('1703', '1', 'string', 'inputUser', '1701', '1701', null, null, null, null, 'zhang', null);
INSERT INTO `act_ru_variable` VALUES ('1709', '1', 'string', 'inputUser', '1707', '1707', null, null, null, null, 'zhang', null);
INSERT INTO `act_ru_variable` VALUES ('1715', '1', 'string', 'inputUser', '1713', '1713', null, null, null, null, 'zhang', null);

-- ----------------------------
-- Table structure for baoxiaobill
-- ----------------------------
DROP TABLE IF EXISTS `baoxiaobill`;
CREATE TABLE `baoxiaobill` (
  `id` bigint(11) NOT NULL AUTO_INCREMENT,
  `money` decimal(8,2) NOT NULL,
  `title` varchar(200) NOT NULL,
  `remark` varchar(500) NOT NULL,
  `creatdate` datetime NOT NULL,
  `state` int(11) NOT NULL,
  `user_id` bigint(11) NOT NULL,
  PRIMARY KEY (`id`)
) ENGINE=InnoDB AUTO_INCREMENT=27 DEFAULT CHARSET=utf8;

-- ----------------------------
-- Records of baoxiaobill
-- ----------------------------
INSERT INTO `baoxiaobill` VALUES ('24', '5000.00', '001', '', '2019-10-24 14:38:03', '1', '5');
INSERT INTO `baoxiaobill` VALUES ('25', '6000.00', '002', '', '2019-10-24 14:38:20', '1', '5');
INSERT INTO `baoxiaobill` VALUES ('26', '1000.00', '003', '', '2019-10-24 14:38:33', '1', '5');

-- ----------------------------
-- Table structure for employee
-- ----------------------------
DROP TABLE IF EXISTS `employee`;
CREATE TABLE `employee` (
  `id` bigint(20) NOT NULL AUTO_INCREMENT,
  `name` varchar(255) DEFAULT NULL,
  `password` varchar(255) DEFAULT NULL,
  `email` varchar(255) DEFAULT NULL,
  `role` int(2) DEFAULT NULL,
  `manager_id` bigint(20) DEFAULT NULL,
  `salt` varchar(50) DEFAULT NULL,
  PRIMARY KEY (`id`),
  UNIQUE KEY `name` (`name`),
  UNIQUE KEY `email` (`email`),
  KEY `FK4722E6AEC8CB2A1E` (`manager_id`),
  CONSTRAINT `FK4722E6AEC8CB2A1E` FOREIGN KEY (`manager_id`) REFERENCES `employee` (`id`)
) ENGINE=InnoDB AUTO_INCREMENT=16 DEFAULT CHARSET=utf8;

-- ----------------------------
-- Records of employee
-- ----------------------------
INSERT INTO `employee` VALUES ('1', 'danny', '8914684fb7da95dc7b8f6afa3f88fe67', 'wangzhongjun@163.com', '3', '1', 'eteokues');
INSERT INTO `employee` VALUES ('2', 'jack', '8914684fb7da95dc7b8f6afa3f88fe67', 'fengxiaogangManager@163.com', '2', '1', 'eteokues');
INSERT INTO `employee` VALUES ('3', 'mike', '8914684fb7da95dc7b8f6afa3f88fe67', 'fanbingbingManager@163.com', '2', '1', 'eteokues');
INSERT INTO `employee` VALUES ('4', 'chen', '8914684fb7da95dc7b8f6afa3f88fe67', 'fengxiaogang@163.com', '1', '2', 'eteokues');
INSERT INTO `employee` VALUES ('5', 'zhang', '8914684fb7da95dc7b8f6afa3f88fe67', 'fanbingbing@163.com', '1', '3', 'eteokues');
INSERT INTO `employee` VALUES ('6', 'li', '8914684fb7da95dc7b8f6afa3f88fe67', 'li@qq.com', '4', '1', 'eteokues');
INSERT INTO `employee` VALUES ('13', 'huangpeihao', '111111', 'huangpeihaonimasile', '1', '3', null);
INSERT INTO `employee` VALUES ('15', 'huangpeihao2hao', '111111', 'huangpeihaonimasilexixixi', '2', '1', null);

-- ----------------------------
-- Table structure for sys_permission
-- ----------------------------
DROP TABLE IF EXISTS `sys_permission`;
CREATE TABLE `sys_permission` (
  `id` bigint(20) NOT NULL AUTO_INCREMENT COMMENT '',
  `name` varchar(128) NOT NULL COMMENT '',
  `type` varchar(32) NOT NULL COMMENT 'menu,button,',
  `url` varchar(128) DEFAULT NULL COMMENT 'url',
  `percode` varchar(128) DEFAULT NULL COMMENT '',
  `parentid` bigint(20) DEFAULT NULL COMMENT 'id',
  `parentids` varchar(128) DEFAULT NULL COMMENT 'id',
  `sortstring` varchar(128) DEFAULT NULL COMMENT '',
  `available` char(1) DEFAULT NULL COMMENT ',10',
  PRIMARY KEY (`id`)
) ENGINE=InnoDB AUTO_INCREMENT=29 DEFAULT CHARSET=utf8;

-- ----------------------------
-- Records of sys_permission
-- ----------------------------
INSERT INTO `sys_permission` VALUES ('1', '', '', '', null, '0', '0/', '0', '1');
INSERT INTO `sys_permission` VALUES ('11', '', 'menu', '', 'baoxiao:manager', '1', '0/1/', '1.', '1');
INSERT INTO `sys_permission` VALUES ('12', '', 'menu|permission', 'apply_baoxiao.jsp', 'baoxiao:apply', '11', '0/1/11/', '', '1');
INSERT INTO `sys_permission` VALUES ('13', '', 'menu|permission', 'myBaoxiaoBill', 'baoxiao:billquery', '11', '0/1/11/', '', '1');
INSERT INTO `sys_permission` VALUES ('14', '', 'menu|permission', 'myTaskList', 'baoxiao:tasklist', '11', '0/1/11/', '', '1');
INSERT INTO `sys_permission` VALUES ('15', '', 'menu', '', 'baoxiao:process', '1', '0/1/15/', null, '1');
INSERT INTO `sys_permission` VALUES ('21', '', 'menu|permission', 'add_process.jsp', 'baoxiao:publish', '15', '0/1/', '2.', '1');
INSERT INTO `sys_permission` VALUES ('22', '', 'menu|permission', 'processDefinitionList', 'baoxiao:processlist', '15', '0/1/21/', '', '1');
INSERT INTO `sys_permission` VALUES ('23', '', 'menu', '', 'user:manager', '1', '0/1/21/', '', '1');
INSERT INTO `sys_permission` VALUES ('24', '', 'menu|permission', 'findUserList', 'user:query', '23', '0/1/21/', '', '1');
INSERT INTO `sys_permission` VALUES ('25', '', 'menu|permission', 'toAddRole', 'user:create', '23', '0/1/21/', '', '1');
INSERT INTO `sys_permission` VALUES ('26', '', 'permission', 'delDeployment', 'baoxiao:remove', '15', null, null, '1');
INSERT INTO `sys_permission` VALUES ('27', '', 'permission', 'viewImage', 'baoxiao:viewimage', '15', null, null, '1');
INSERT INTO `sys_permission` VALUES ('28', '', 'menu|permission', 'findRoles', 'baoxiao:rolelist', '23', null, null, '1');

-- ----------------------------
-- Table structure for sys_role
-- ----------------------------
DROP TABLE IF EXISTS `sys_role`;
CREATE TABLE `sys_role` (
  `id` varchar(36) NOT NULL,
  `name` varchar(128) NOT NULL,
  `available` char(1) DEFAULT NULL COMMENT ',10',
  PRIMARY KEY (`id`)
) ENGINE=InnoDB DEFAULT CHARSET=utf8;

-- ----------------------------
-- Records of sys_role
-- ----------------------------
INSERT INTO `sys_role` VALUES ('1', '', '1');
INSERT INTO `sys_role` VALUES ('2', '', '1');
INSERT INTO `sys_role` VALUES ('3', '', '1');
INSERT INTO `sys_role` VALUES ('4', '', '1');

-- ----------------------------
-- Table structure for sys_role_permission
-- ----------------------------
DROP TABLE IF EXISTS `sys_role_permission`;
CREATE TABLE `sys_role_permission` (
  `id` varchar(36) NOT NULL,
  `sys_role_id` varchar(36) NOT NULL COMMENT 'id',
  `sys_permission_id` varchar(36) NOT NULL COMMENT 'id',
  PRIMARY KEY (`id`)
) ENGINE=InnoDB DEFAULT CHARSET=utf8;

-- ----------------------------
-- Records of sys_role_permission
-- ----------------------------
INSERT INTO `sys_role_permission` VALUES ('003f56da-70ea-4c46-8f93-fe7fa01fd474', 'f7a38138-8210-4780-beef-aef49d40ab36', '14');
INSERT INTO `sys_role_permission` VALUES ('0240c40e-4cfe-4e7c-9d48-fc8ce8970b6c', '1', '14');
INSERT INTO `sys_role_permission` VALUES ('02876167-3e21-4fee-af25-acf07659238c', '3', '14');
INSERT INTO `sys_role_permission` VALUES ('03f912b9-802b-4b18-aa35-069d01ee34a2', '4', '14');
INSERT INTO `sys_role_permission` VALUES ('067b999b-b6e6-4926-abd6-7e2fcb3824cd', 'f7a38138-8210-4780-beef-aef49d40ab36', '23');
INSERT INTO `sys_role_permission` VALUES ('0e273a64-05df-4071-9eae-f5550563f1cb', '3', '22');
INSERT INTO `sys_role_permission` VALUES ('147468fd-4017-43cd-8c8b-060b05c7ee69', '3', '15');
INSERT INTO `sys_role_permission` VALUES ('19b72349-47e6-473d-8582-f82863e7ed18', '2', '24');
INSERT INTO `sys_role_permission` VALUES ('1fb7d4cd-a3f3-4e80-8e28-60a1152d0817', '2', '25');
INSERT INTO `sys_role_permission` VALUES ('29c732ec-cc17-4889-8b78-bc031cf765a3', '0aeddab9-c1bb-4871-8f1c-68bc5f675fb0', '11');
INSERT INTO `sys_role_permission` VALUES ('2a0e0f4c-56a9-4bbb-8e76-0f7052d3ffbe', '0aeddab9-c1bb-4871-8f1c-68bc5f675fb0', '13');
INSERT INTO `sys_role_permission` VALUES ('2e9311e5-7fb8-4688-a286-e31fb46736ec', '3', '25');
INSERT INTO `sys_role_permission` VALUES ('33e21e30-1f6b-44be-af39-19b378355047', 'f7a38138-8210-4780-beef-aef49d40ab36', '11');
INSERT INTO `sys_role_permission` VALUES ('38bc5d80-fce8-457b-9dad-0be567a76e7b', 'f7a38138-8210-4780-beef-aef49d40ab36', '15');
INSERT INTO `sys_role_permission` VALUES ('3be6d711-0cf4-4718-b0fb-e37c3d5941e8', '2', '11');
INSERT INTO `sys_role_permission` VALUES ('3f56ebe5-afc3-4613-97bc-0ff2b09f2bd6', '0aeddab9-c1bb-4871-8f1c-68bc5f675fb0', '15');
INSERT INTO `sys_role_permission` VALUES ('3f69be78-eb82-4b43-a5f7-0c0a8cee8fcb', '3', '24');
INSERT INTO `sys_role_permission` VALUES ('4f00ab3a-76ed-4039-94cc-02d41565c57b', '1', '13');
INSERT INTO `sys_role_permission` VALUES ('687a6907-6fb5-4301-8832-f2b58956d5b2', '4', '11');
INSERT INTO `sys_role_permission` VALUES ('6890155f-8e0a-410e-bee4-97d8a8f60d25', '3', '11');
INSERT INTO `sys_role_permission` VALUES ('7cc90728-96ae-4d04-aebe-f3457d809f51', 'f7a38138-8210-4780-beef-aef49d40ab36', '12');
INSERT INTO `sys_role_permission` VALUES ('86b48b1d-f69c-44a6-b65c-ffe5097c4533', '2', '21');
INSERT INTO `sys_role_permission` VALUES ('8d891846-37d0-4a57-8ff4-61c8b601bfb0', '2', '23');
INSERT INTO `sys_role_permission` VALUES ('8dc7153b-803b-424e-b92d-b017076647cf', '2', '14');
INSERT INTO `sys_role_permission` VALUES ('9793e2d8-462a-4385-ba98-17d69c3fb3f9', '2', '15');
INSERT INTO `sys_role_permission` VALUES ('a18f18d5-ca43-4021-a3f3-0340c611a5dd', '3', '28');
INSERT INTO `sys_role_permission` VALUES ('a76c5315-7354-434a-9681-2ed182ca1816', '0aeddab9-c1bb-4871-8f1c-68bc5f675fb0', '21');
INSERT INTO `sys_role_permission` VALUES ('b013f33d-7010-4d4b-9811-a61b362df65a', '3', '21');
INSERT INTO `sys_role_permission` VALUES ('b6c121c1-db94-4af3-b0a1-4e93fbf776b7', 'f7a38138-8210-4780-beef-aef49d40ab36', '13');
INSERT INTO `sys_role_permission` VALUES ('c1031b55-225d-4a31-8c2d-50c09ad42198', '1', '12');
INSERT INTO `sys_role_permission` VALUES ('ccf172c9-b94d-4727-aae7-afce4c75e88a', '2', '22');
INSERT INTO `sys_role_permission` VALUES ('cde152be-d685-4c98-9203-eff7e6497fe9', '1', '11');
INSERT INTO `sys_role_permission` VALUES ('cea67be3-3ad8-4813-ab03-683ae63f8b27', '0aeddab9-c1bb-4871-8f1c-68bc5f675fb0', '14');
INSERT INTO `sys_role_permission` VALUES ('d003d11d-ff85-4042-8831-1e22b4febd88', '3', '23');
INSERT INTO `sys_role_permission` VALUES ('e3f7e8a2-3ee0-4887-8e58-b4add1789eb8', '0aeddab9-c1bb-4871-8f1c-68bc5f675fb0', '12');
INSERT INTO `sys_role_permission` VALUES ('f957edca-0575-4694-ad94-46fc4d76b5c5', 'f7a38138-8210-4780-beef-aef49d40ab36', '24');
INSERT INTO `sys_role_permission` VALUES ('fb599643-f9e1-4769-a5d3-21aed672f605', 'f7a38138-8210-4780-beef-aef49d40ab36', '22');

-- ----------------------------
-- Table structure for sys_user_role
-- ----------------------------
DROP TABLE IF EXISTS `sys_user_role`;
CREATE TABLE `sys_user_role` (
  `id` varchar(36) NOT NULL,
  `sys_user_id` varchar(36) NOT NULL,
  `sys_role_id` varchar(36) NOT NULL,
  PRIMARY KEY (`id`)
) ENGINE=InnoDB DEFAULT CHARSET=utf8;

-- ----------------------------
-- Records of sys_user_role
-- ----------------------------
INSERT INTO `sys_user_role` VALUES ('1', 'danny', '3');
INSERT INTO `sys_user_role` VALUES ('2', 'jack', '2');
INSERT INTO `sys_user_role` VALUES ('3', 'mike', '2');
INSERT INTO `sys_user_role` VALUES ('4', 'chen', '1');
INSERT INTO `sys_user_role` VALUES ('5', 'zhang', '1');
INSERT INTO `sys_user_role` VALUES ('6', 'li', '4');
INSERT INTO `sys_user_role` VALUES ('7', 'huangpeihao', '1');
INSERT INTO `sys_user_role` VALUES ('8', 'huangpeihao2hao', '2');
